season,canonical_match_id,match_date,club_id,opponent_id,home_away,manager_id,manager_name,formation,result,red_card_match,final_third_event_share,final_third_entries_per_match,wide_attacking_activity_share,crosses_per_match,crosses_per_100_attacking_events,central_creation_share,take_ons_per_match,take_ons_per_100_attacking_events,box_entries_per_match,box_event_share,key_passes_per_match,shots_per_match,shots_on_target_per_match,xg_per_match,defensive_event_activity_depth,advanced_defensive_action_share,successful_tackles_per_match,interceptions_per_match,recoveries_per_match,aerials_per_match,cross_success_pct,take_on_success_pct,aerial_win_pct,xg_per_shot,methodology_version,feature_class,contains_prediction,final_third_event_share_historical_match_percentile,final_third_entries_per_match_historical_match_percentile,wide_attacking_activity_share_historical_match_percentile,crosses_per_match_historical_match_percentile,crosses_per_100_attacking_events_historical_match_percentile,central_creation_share_historical_match_percentile,take_ons_per_match_historical_match_percentile,take_ons_per_100_attacking_events_historical_match_percentile,box_entries_per_match_historical_match_percentile,box_event_share_historical_match_percentile,key_passes_per_match_historical_match_percentile,shots_per_match_historical_match_percentile,shots_on_target_per_match_historical_match_percentile,xg_per_match_historical_match_percentile,defensive_event_activity_depth_historical_match_percentile,advanced_defensive_action_share_historical_match_percentile,successful_tackles_per_match_historical_match_percentile,interceptions_per_match_historical_match_percentile,recoveries_per_match_historical_match_percentile,aerials_per_match_historical_match_percentile
2627,soccerdata:sofascore:16363633,2026-08-21,arsenal,coventry_city,H,mgr:5fdd2f365fdc,Mikel Arteta,4231,W,False,30.14460511679644,43,76.78571428571429,19,8.482142857142858,55.55555555555556,9,4.017857142857143,15,5.89543937708565,17,20,3,1.85424,35.87142857142857,15.476190476190476,6,5,37,28,5.2631578947368425,44.44444444444444,39.285714285714285,0.092712,team_tactical_v1,OBSERVED_TACTICAL_FEATURE,False,87.76315789473684,82.36842105263158,48.28947368421053,62.10526315789474,9.342105263157896,26.973684210526315,6.578947368421052,0.5263157894736842,87.5,74.86842105263158,96.97368421052632,93.6842105263158,96.05263157894737,68.42105263157895,76.44736842105263,91.3157894736842,15.657894736842104,19.736842105263158,35.13157894736842,42.36842105263158
2627,soccerdata:sofascore:16363633,2026-08-21,coventry_city,arsenal,A,mgr:fb84c76f2aab,Frank Lampard,4141,L,False,22.818791946308725,32,90.0,10,10.0,83.33333333333333,10,10.0,3,1.174496644295302,3,4,0,0.558336,24.63058823529412,4.705882352941177,2,9,35,28,10.0,30.0,60.71428571428572,0.139584,team_tactical_v1,OBSERVED_TACTICAL_FEATURE,False,48.68421052631579,59.3421052631579,99.34210526315789,13.157894736842104,17.63157894736842,98.28947368421052,11.447368421052632,23.157894736842106,4.2105263157894735,0.13157894736842105,5.131578947368421,3.1578947368421053,25.394736842105264,11.973684210526315,3.9473684210526314,15.526315789473685,0.6578947368421053,68.02631578947368,26.57894736842105,42.36842105263158
2627,soccerdata:sofascore:16363238,2026-08-22,leeds_united,nottingham_forest,A,mgr:fa5d385e34dc,Daniel Farke,3421,W,False,20.09273570324575,23,75.0,8,11.11111111111111,46.666666666666664,12,16.666666666666668,6,4.01854714064915,5,11,1,0.466247,37.15277777777778,12.037037037037036,12,15,36,54,37.5,58.333333333333336,46.2962962962963,0.04238609090909091,team_tactical_v1,OBSERVED_TACTICAL_FEATURE,False,29.736842105263158,22.763157894736842,36.18421052631579,7.2368421052631575,23.55263157894737,7.105263157894737,21.31578947368421,68.02631578947368,20.789473684210527,30.13157894736842,19.473684210526315,44.3421052631579,58.55263157894737,8.289473684210526,83.15789473684211,78.28947368421052,77.36842105263158,96.1842105263158,31.18421052631579,98.42105263157895
2627,soccerdata:sofascore:16363238,2026-08-22,nottingham_forest,leeds_united,H,mgr:1058459b93f2,Oliver Glasner,3421,L,False,20.59585492227979,34,81.25,19,16.964285714285715,68.42105263157895,22,19.642857142857142,13,5.569948186528498,9,12,0,0.656681,28.916091954022992,4.597701149425287,5,2,38,54,21.05263157894737,45.45454545454545,53.7037037037037,0.05472341666666666,team_tactical_v1,OBSERVED_TACTICAL_FEATURE,False,34.60526315789474,65.52631578947368,79.73684210526316,62.10526315789474,74.60526315789474,74.21052631578948,78.8157894736842,79.86842105263158,77.76315789473684,68.42105263157895,57.76315789473684,51.8421052631579,25.394736842105264,15.921052631578947,21.57894736842105,14.868421052631579,7.631578947368421,2.236842105263158,40.13157894736842,98.42105263157895
2627,soccerdata:sofascore:16363242,2026-08-22,brentford,tottenham_hotspur,H,mgr:5f487ee40c90,Keith Andrews,4231,W,False,28.176795580110497,27,73.13432835820896,21,15.671641791044776,52.27272727272727,20,14.925373134328359,19,9.116022099447514,19,26,3,4.04155,36.18070175438597,11.403508771929825,10,16,57,36,52.38095238095238,30.0,63.888888888888886,0.15544423076923078,team_tactical_v1,OBSERVED_TACTICAL_FEATURE,False,80.65789473684211,37.10526315789474,25.0,72.23684210526316,63.68421052631579,14.868421052631579,70.65789473684211,57.36842105263158,95.39473684210526,98.94736842105263,98.6842105263158,98.8157894736842,96.05263157894737,99.21052631578948,77.63157894736842,74.73684210526316,60.921052631578945,97.76315789473684,99.21052631578948,70.78947368421052
2627,soccerdata:sofascore:16363242,2026-08-22,tottenham_hotspur,brentford,A,mgr:b283d24885e5,Roberto De Zerbi,4231,L,False,23.654708520179373,48,73.17073170731707,14,8.536585365853659,76.92307692307692,30,18.29268292682927,10,2.690582959641256,6,9,0,0.756284,36.5258064516129,15.053763440860216,12,4,39,36,21.428571428571427,40.0,36.11111111111112,0.08403155555555555,team_tactical_v1,OBSERVED_TACTICAL_FEATURE,False,54.73684210526316,88.8157894736842,25.263157894736842,36.31578947368421,9.605263157894736,92.5,97.63157894736842,73.94736842105263,56.44736842105263,6.842105263157895,24.736842105263158,27.63157894736842,25.394736842105264,20.92105263157895,79.60526315789474,90.65789473684211,77.36842105263158,12.368421052631579,46.71052631578947,70.78947368421052
2627,soccerdata:sofascore:16363634,2026-08-22,hull_city,manchester_united,H,mgr:9f4440ec2ca8,Sergej Jakirovic,541,W,False,14.334470989761092,26,76.27118644067797,15,25.423728813559322,50.0,9,15.254237288135593,6,3.242320819112628,5,8,2,1.49627,22.02327586206896,0.8620689655172413,11,6,29,38,33.333333333333336,33.333333333333336,55.26315789473684,0.18703375,team_tactical_v1,OBSERVED_TACTICAL_FEATURE,False,3.4210526315789473,33.1578947368421,44.86842105263158,41.71052631578947,99.47368421052632,13.947368421052632,6.578947368421052,60.26315789473684,20.789473684210527,13.421052631578947,19.473684210526315,20.92105263157895,83.15789473684211,54.86842105263158,0.5263157894736842,0.2631578947368421,69.86842105263158,31.57894736842105,5.131578947368421,76.05263157894737
2627,soccerdata:sofascore:16363634,2026-08-22,manchester_united,hull_city,A,mgr:3aa905054daf,Michael Carrick,4231,L,False,35.121457489878544,68,75.68493150684931,39,13.356164383561644,47.36842105263158,17,5.821917808219178,20,6.0728744939271255,19,21,0,1.77874,32.366197183098585,4.225352112676056,4,3,44,38,23.07692307692308,23.529411764705884,44.73684210526316,0.08470190476190476,team_tactical_v1,OBSERVED_TACTICAL_FEATURE,False,97.23684210526316,98.94736842105263,39.73684210526316,98.6842105263158,44.86842105263158,8.026315789473685,50.13157894736842,2.3684210526315788,97.10526315789474,78.42105263157895,98.6842105263158,95.92105263157895,25.394736842105264,65.65789473684211,50.78947368421053,12.763157894736842,4.2105263157894735,6.315789473684211,73.02631578947368,76.05263157894737
2627,soccerdata:sofascore:16363635,2026-08-22,crystal_palace,everton,A,mgr:698607e509b7,Pierre Sage,3421,L,False,21.281216069489684,41,70.50359712230215,12,8.633093525179856,65.0,9,6.474820143884892,7,2.1715526601520088,10,11,0,2.23095,35.312903225806444,12.903225806451612,16,10,43,30,16.666666666666668,33.333333333333336,43.333333333333336,0.20281363636363636,team_tactical_v1,OBSERVED_TACTICAL_FEATURE,False,39.21052631578947,80.0,12.894736842105264,23.94736842105263,10.394736842105264,62.5,6.578947368421052,3.6842105263157894,29.07894736842105,2.1052631578947367,68.28947368421052,44.3421052631579,25.394736842105264,79.47368421052632,72.89473684210526,83.8157894736842,96.57894736842105,78.28947368421052,66.71052631578948,48.68421052631579
2627,soccerdata:sofascore:16363635,2026-08-22,everton,crystal_palace,H,mgr:84316c036a2d,David Moyes,4231,W,False,28.03129074315515,32,77.07006369426752,14,8.9171974522293,44.44444444444444,25,15.92356687898089,14,6.388526727509778,13,16,2,1.45085,36.02689075630252,11.764705882352942,10,8,54,30,14.285714285714286,16.0,56.66666666666666,0.090678125,team_tactical_v1,OBSERVED_TACTICAL_FEATURE,False,80.13157894736842,59.3421052631579,50.39473684210526,36.31578947368421,11.578947368421053,5.526315789473684,89.21052631578948,63.55263157894737,84.07894736842105,82.23684210526316,87.36842105263158,80.92105263157895,83.15789473684211,53.1578947368421,77.10526315789474,77.36842105263158,60.921052631578945,55.39473684210526,97.23684210526316,48.68421052631579
2627,soccerdata:sofascore:16363636,2026-08-22,ipswich_town,sunderland,H,mgr:2e016582b3f8,Gary O'Neil,4231,W,False,17.894736842105264,27,72.09302325581395,15,17.441860465116278,72.22222222222223,21,24.41860465116279,6,4.81203007518797,9,10,2,1.58452,29.645132743362836,4.424778761061947,15,9,42,27,33.333333333333336,52.38095238095238,51.851851851851855,0.15845199999999998,team_tactical_v1,OBSERVED_TACTICAL_FEATURE,False,14.473684210526315,37.10526315789474,19.473684210526315,41.71052631578947,77.36842105263158,83.8157894736842,74.21052631578948,90.65789473684211,20.789473684210527,48.55263157894737,57.76315789473684,35.13157894736842,83.15789473684211,58.68421052631579,27.105263157894736,14.078947368421053,93.42105263157895,68.02631578947368,61.578947368421055,38.68421052631579
2627,soccerdata:sofascore:16363636,2026-08-22,sunderland,ipswich_town,A,mgr:1a031e232e88,Régis Le Bris,4231,L,False,21.71945701357466,41,83.10810810810811,23,15.54054054054054,57.89473684210526,18,12.162162162162161,5,3.506787330316742,9,11,1,1.17743,35.0698795180723,8.433734939759036,7,9,40,27,17.391304347826086,55.55555555555556,48.14814814814815,0.1070390909090909,team_tactical_v1,OBSERVED_TACTICAL_FEATURE,False,41.71052631578947,80.0,87.63157894736842,79.60526315789474,62.5,35.0,56.71052631578947,40.6578947368421,13.947368421052632,18.42105263157895,57.76315789473684,44.3421052631579,58.55263157894737,38.421052631578945,70.92105263157895,51.05263157894737,25.13157894736842,68.02631578947368,52.36842105263158,38.68421052631579
2627,soccerdata:sofascore:16363236,2026-08-23,aston_villa,brighton_hove_albion,A,mgr:dcdf2dffc0c2,Unai Emery,4231,L,True,15.0390625,13,80.3921568627451,4,7.8431372549019605,66.66666666666667,17,33.333333333333336,2,1.953125,5,7,1,0.275249,26.17702702702703,6.756756756756757,10,8,17,23,25.0,41.1764705882353,30.43478260869565,0.03932128571428572,team_tactical_v1,OBSERVED_TACTICAL_FEATURE,False,4.605263157894737,1.8421052631578947,74.07894736842105,1.0526315789473684,6.7105263157894735,70.92105263157895,50.13157894736842,98.55263157894737,1.5789473684210527,1.5789473684210527,19.473684210526315,16.18421052631579,58.55263157894737,3.1578947368421053,8.421052631578947,34.60526315789474,60.921052631578945,55.39473684210526,0.0,23.94736842105263
2627,soccerdata:sofascore:16363236,2026-08-23,brighton_hove_albion,aston_villa,H,mgr:dfda8206a0e2,Fabian Hürzeler,4231,W,False,30.89171974522293,62,73.02325581395348,23,10.69767441860465,72.22222222222223,11,5.116279069767442,13,5.520169851380042,15,21,3,4.00327,45.31609195402299,29.885057471264368,13,10,33,23,21.73913043478261,36.36363636363637,69.56521739130434,0.19063190476190475,team_tactical_v1,OBSERVED_TACTICAL_FEATURE,False,89.47368421052632,97.89473684210526,24.605263157894736,79.60526315789474,21.18421052631579,83.8157894736842,15.657894736842104,0.7894736842105263,77.76315789473684,67.5,93.15789473684211,95.92105263157895,96.05263157894737,99.07894736842105,99.07894736842105,99.86842105263158,84.34210526315789,78.28947368421052,17.763157894736842,23.94736842105263
2627,soccerdata:sofascore:16363243,2026-08-23,afc_bournemouth,manchester_city,A,mgr:6fe0e0af19e4,Marco Rose,4231,L,False,12.195121951219512,21,78.84615384615384,8,15.384615384615385,44.44444444444444,9,17.307692307692307,2,1.6260162601626016,4,5,1,0.707541,29.572277227722772,3.9603960396039604,8,13,37,26,12.5,22.22222222222222,42.30769230769231,0.1415082,team_tactical_v1,OBSERVED_TACTICAL_FEATURE,False,1.0526315789473684,15.657894736842104,63.421052631578945,7.2368421052631575,61.44736842105263,5.526315789473684,6.578947368421052,70.13157894736842,1.5789473684210527,0.5263157894736842,12.763157894736842,6.578947368421052,58.55263157894737,18.42105263157895,26.973684210526315,11.578947368421053,37.63157894736842,93.02631578947368,35.13157894736842,35.526315789473685
2627,soccerdata:sofascore:16363243,2026-08-23,manchester_city,afc_bournemouth,H,mgr:dc01d928d84f,Enzo Maresca,4231,W,False,27.157894736842103,50,71.56862745098039,24,11.764705882352942,65.21739130434783,17,8.333333333333334,18,6.0,10,13,2,2.47444,43.897619047619045,17.857142857142858,8,8,46,26,37.5,35.294117647058826,57.69230769230769,0.19034153846153845,team_tactical_v1,OBSERVED_TACTICAL_FEATURE,False,75.65789473684211,90.78947368421052,16.710526315789473,81.84210526315789,30.526315789473685,63.1578947368421,50.13157894736842,12.368421052631579,93.94736842105263,77.23684210526316,68.28947368421052,58.421052631578945,83.15789473684211,86.44736842105263,98.94736842105263,95.78947368421052,37.63157894736842,55.39473684210526,82.63157894736842,35.526315789473685
2627,soccerdata:sofascore:16363246,2026-08-23,liverpool,newcastle_united,A,mgr:b4b8eecb310f,Andoni Iraola,4231,D,False,29.70550576184379,60,69.14285714285714,27,15.428571428571429,60.526315789473685,19,10.857142857142858,12,7.042253521126761,14,27,2,3.13133,38.88068181818182,10.227272727272727,9,8,42,24,25.925925925925927,26.31578947368421,54.16666666666666,0.1159751851851852,team_tactical_v1,OBSERVED_TACTICAL_FEATURE,False,85.78947368421052,97.10526315789474,9.078947368421053,89.86842105263158,61.44736842105263,42.89473684210526,63.55263157894737,30.526315789473685,72.5,90.39473684210526,90.52631578947368,99.21052631578948,83.15789473684211,94.47368421052632,89.86842105263158,65.26315789473684,49.3421052631579,55.39473684210526,61.578947368421055,26.57894736842105
2627,soccerdata:sofascore:16363246,2026-08-23,newcastle_united,liverpool,H,mgr:bdab23b1e545,Matthias Jaissle,4231,D,False,16.323296354992078,15,76.0,8,10.666666666666666,62.5,15,20.0,6,3.328050713153724,6,13,2,1.59465,27.689719626168227,2.803738317757009,8,4,35,24,12.5,26.666666666666668,45.833333333333336,0.1226653846153846,team_tactical_v1,OBSERVED_TACTICAL_FEATURE,False,7.631578947368421,4.7368421052631575,42.36842105263158,7.2368421052631575,21.18421052631579,51.973684210526315,36.8421052631579,80.13157894736842,20.789473684210527,14.342105263157896,24.736842105263158,58.421052631578945,83.15789473684211,58.81578947368421,15.789473684210526,5.7894736842105265,37.63157894736842,12.368421052631579,26.57894736842105,26.57894736842105
2627,soccerdata:sofascore:16363244,2026-08-24,chelsea,fulham,A,mgr:84bddcc0c0d7,Xabi Alonso,3421,W,False,21.57676348547718,31,71.81818181818181,11,10.0,66.66666666666667,20,18.181818181818183,11,6.085753803596127,16,18,3,2.58384,36.41651376146789,11.926605504587156,14,7,46,22,45.45454545454545,70.0,36.36363636363637,0.14354666666666666,team_tactical_v1,OBSERVED_TACTICAL_FEATURE,False,40.78947368421053,55.13157894736842,18.157894736842106,18.94736842105263,17.63157894736842,70.92105263157895,70.65789473684211,73.6842105263158,65.26315789473684,78.55263157894737,95.52631578947368,89.86842105263158,96.05263157894737,88.8157894736842,79.21052631578948,77.76315789473684,90.13157894736842,44.21052631578947,82.63157894736842,20.526315789473685
2627,soccerdata:sofascore:16363244,2026-08-24,fulham,chelsea,H,mgr:c4ccacd3c126,Álvaro Arbeloa,4231,L,False,22.756410256410252,45,82.94117647058823,17,10.0,66.66666666666667,23,13.529411764705882,7,3.632478632478633,10,14,2,1.41707,32.84252873563219,8.045977011494253,15,9,37,22,23.529411764705884,34.78260869565217,63.63636363636363,0.10121928571428572,team_tactical_v1,OBSERVED_TACTICAL_FEATURE,False,48.421052631578945,85.52631578947368,87.10526315789474,51.973684210526315,17.63157894736842,70.92105263157895,82.89473684210526,49.86842105263158,29.07894736842105,20.394736842105264,68.28947368421052,67.63157894736842,83.15789473684211,51.18421052631579,53.55263157894737,47.89473684210526,93.42105263157895,68.02631578947368,35.13157894736842,20.526315789473685
2627,soccerdata:sofascore:16363252,2026-08-28,crystal_palace,manchester_city,H,mgr:698607e509b7,Pierre Sage,3421,L,False,15.177065767284992,17,82.45614035087719,18,31.57894736842105,42.857142857142854,15,26.31578947368421,6,3.5413153456998314,7,9,0,0.926624,29.72745098039216,4.901960784313726,23,11,32,18,22.22222222222222,53.333333333333336,33.333333333333336,0.10295822222222223,team_tactical_v1,OBSERVED_TACTICAL_FEATURE,False,4.7368421052631575,8.026315789473685,85.39473684210526,57.89473684210526,100.0,3.9473684210526314,36.8421052631579,93.6842105263158,20.789473684210527,18.68421052631579,35.6578947368421,27.63157894736842,25.394736842105264,27.236842105263158,27.236842105263158,16.710526315789473,100.0,84.07894736842105,14.342105263157896,10.263157894736842
2627,soccerdata:sofascore:16363252,2026-08-28,manchester_city,crystal_palace,A,mgr:dc01d928d84f,Enzo Maresca,4231,W,False,23.80514705882353,56,76.41509433962264,15,7.0754716981132075,68.75,39,18.39622641509434,11,4.319852941176471,15,19,5,2.56662,40.17142857142857,16.883116883116884,10,9,34,18,33.333333333333336,43.58974358974359,66.66666666666667,0.13508526315789474,team_tactical_v1,OBSERVED_TACTICAL_FEATURE,False,55.78947368421053,95.52631578947368,46.18421052631579,41.71052631578947,3.8157894736842106,75.26315789473684,99.86842105263158,74.60526315789474,65.26315789473684,36.8421052631579,93.15789473684211,91.57894736842105,100.0,88.6842105263158,93.15789473684211,94.21052631578948,60.921052631578945,68.02631578947368,22.36842105263158,10.263157894736842
2627,soccerdata:sofascore:16363245,2026-08-29,arsenal,aston_villa,A,mgr:5fdd2f365fdc,Mikel Arteta,4231,W,False,25.60386473429952,39,87.09677419354838,16,10.32258064516129,54.54545454545455,19,12.258064516129032,10,3.864734299516908,5,7,1,1.52441,35.19775280898876,10.112359550561798,7,8,44,23,18.75,36.8421052631579,65.21739130434783,0.21777285714285716,team_tactical_v1,OBSERVED_TACTICAL_FEATURE,False,67.10526315789474,76.44736842105263,97.36842105263158,46.973684210526315,18.94736842105263,23.42105263157895,63.55263157894737,41.18421052631579,56.44736842105263,26.18421052631579,19.473684210526315,16.18421052631579,58.55263157894737,56.05263157894737,72.10526315789474,64.34210526315789,25.13157894736842,55.39473684210526,73.02631578947368,23.94736842105263
2627,soccerdata:sofascore:16363245,2026-08-29,aston_villa,arsenal,H,mgr:dcdf2dffc0c2,Unai Emery,4231,L,False,19.93517017828201,34,67.85714285714286,11,13.095238095238095,70.0,9,10.714285714285714,7,3.727714748784441,5,7,0,0.281925,29.51011235955056,4.49438202247191,11,2,40,23,9.090909090909092,44.44444444444444,34.78260869565217,0.040275,team_tactical_v1,OBSERVED_TACTICAL_FEATURE,False,27.105263157894736,65.52631578947368,6.052631578947368,18.94736842105263,42.63157894736842,77.89473684210526,6.578947368421052,28.81578947368421,29.07894736842105,23.289473684210527,19.473684210526315,16.18421052631579,25.394736842105264,3.1578947368421053,26.842105263157894,14.473684210526315,69.86842105263158,2.236842105263158,52.36842105263158,23.94736842105263
2627,soccerdata:sofascore:16363247,2026-08-29,afc_bournemouth,everton,H,mgr:6fe0e0af19e4,Marco Rose,4231,D,False,23.921085080147964,47,75.38461538461539,23,17.692307692307693,60.0,11,8.461538461538462,13,6.411837237977805,14,17,1,2.25803,33.41775700934579,10.280373831775702,10,9,47,39,26.08695652173913,45.45454545454545,61.53846153846154,0.13282529411764707,team_tactical_v1,OBSERVED_TACTICAL_FEATURE,False,56.71052631578947,87.5,37.63157894736842,79.60526315789474,78.28947368421052,42.89473684210526,15.657894736842104,12.631578947368421,77.76315789473684,82.5,90.52631578947368,85.92105263157895,58.55263157894737,80.0,58.026315789473685,66.05263157894737,60.921052631578945,68.02631578947368,86.44736842105263,78.6842105263158
2627,soccerdata:sofascore:16363247,2026-08-29,everton,afc_bournemouth,A,mgr:84316c036a2d,David Moyes,4231,D,False,25.073313782991203,26,73.72881355932203,20,16.949152542372882,72.72727272727273,19,16.10169491525424,8,4.838709677419355,9,13,1,1.66352,31.8,7.017543859649122,11,11,48,39,10.0,26.31578947368421,38.46153846153846,0.12796307692307693,team_tactical_v1,OBSERVED_TACTICAL_FEATURE,False,64.47368421052632,33.1578947368421,27.36842105263158,67.63157894736842,74.47368421052632,85.13157894736842,63.55263157894737,64.34210526315789,36.44736842105263,48.81578947368421,57.76315789473684,58.421052631578945,58.55263157894737,60.78947368421053,45.78947368421053,38.28947368421053,69.86842105263158,84.07894736842105,88.94736842105263,78.6842105263158
2627,soccerdata:sofascore:16363250,2026-08-29,coventry_city,hull_city,H,mgr:fb84c76f2aab,Frank Lampard,4231,L,False,24.33920704845815,44,82.95454545454545,34,19.318181818181817,47.36842105263158,16,9.090909090909092,8,3.744493392070485,10,11,0,1.18233,31.72857142857143,3.2967032967032965,6,2,48,32,20.58823529411765,43.75,53.125,0.10748454545454546,team_tactical_v1,OBSERVED_TACTICAL_FEATURE,False,60.13157894736842,83.8157894736842,87.23684210526316,96.57894736842105,87.63157894736842,8.026315789473685,44.3421052631579,16.31578947368421,36.44736842105263,23.42105263157895,68.28947368421052,44.3421052631579,25.394736842105264,38.68421052631579,45.26315789473684,8.289473684210526,15.657894736842104,2.236842105263158,88.94736842105263,55.78947368421053
2627,soccerdata:sofascore:16363250,2026-08-29,hull_city,coventry_city,A,mgr:9f4440ec2ca8,Sergej Jakirovic,541,W,False,18.956521739130437,19,79.03225806451613,11,17.741935483870968,83.33333333333333,10,16.129032258064516,5,3.130434782608696,4,6,1,0.459726,29.15533980582524,6.796116504854369,7,7,40,32,9.090909090909092,40.0,46.875,0.07662100000000001,team_tactical_v1,OBSERVED_TACTICAL_FEATURE,False,21.973684210526315,11.842105263157896,65.52631578947368,18.94736842105263,78.42105263157895,98.28947368421052,11.447368421052632,64.47368421052632,13.947368421052632,11.842105263157896,12.763157894736842,10.394736842105264,58.55263157894737,8.289473684210526,23.81578947368421,35.0,25.13157894736842,44.21052631578947,52.36842105263158,55.78947368421053
2627,soccerdata:sofascore:16363254,2026-08-29,liverpool,nottingham_forest,H,mgr:b4b8eecb310f,Andoni Iraola,4231,D,False,26.65330661322645,72,75.12437810945273,30,14.925373134328359,59.09090909090909,30,14.925373134328359,12,3.607214428857716,11,13,2,1.27921,38.18773584905661,8.49056603773585,9,11,43,29,16.666666666666668,26.666666666666668,41.37931034482759,0.09840076923076922,team_tactical_v1,OBSERVED_TACTICAL_FEATURE,False,73.02631578947368,99.47368421052632,36.18421052631579,93.55263157894737,56.8421052631579,38.1578947368421,97.63157894736842,57.36842105263158,72.5,20.13157894736842,75.26315789473684,58.421052631578945,83.15789473684211,43.421052631578945,88.02631578947368,51.31578947368421,49.3421052631579,84.07894736842105,66.71052631578948,45.526315789473685
2627,soccerdata:sofascore:16363254,2026-08-29,nottingham_forest,liverpool,A,mgr:1058459b93f2,Oliver Glasner,3421,D,False,17.46031746031746,30,68.91891891891892,7,9.45945945945946,70.0,23,31.08108108108108,7,5.079365079365079,9,12,2,2.87937,25.874107142857145,1.7857142857142858,13,6,39,29,28.571428571428573,39.130434782608695,58.62068965517241,0.2399475,team_tactical_v1,OBSERVED_TACTICAL_FEATURE,False,11.973684210526315,51.31578947368421,8.421052631578947,5.394736842105263,14.605263157894736,77.89473684210526,82.89473684210526,97.89473684210526,29.07894736842105,55.39473684210526,57.76315789473684,51.8421052631579,83.15789473684211,92.36842105263158,7.5,2.3684210526315788,84.34210526315789,31.57894736842105,46.71052631578947,45.526315789473685
2627,soccerdata:sofascore:16363256,2026-08-29,newcastle_united,tottenham_hotspur,A,mgr:bdab23b1e545,Matthias Jaissle,4231,W,False,20.21116138763197,22,76.59574468085107,14,14.893617021276595,55.0,14,14.893617021276595,14,4.223227752639517,11,11,2,1.00952,25.93170731707317,2.4390243902439024,4,3,33,23,42.85714285714285,42.85714285714285,56.52173913043478,0.09177454545454546,team_tactical_v1,OBSERVED_TACTICAL_FEATURE,False,31.18421052631579,18.42105263157895,47.36842105263158,36.31578947368421,56.578947368421055,23.94736842105263,31.31578947368421,57.10526315789474,84.07894736842105,34.73684210526316,75.26315789473684,44.3421052631579,83.15789473684211,31.44736842105263,7.631578947368421,4.2105263157894735,4.2105263157894735,6.315789473684211,17.763157894736842,23.94736842105263
2627,soccerdata:sofascore:16363256,2026-08-29,tottenham_hotspur,newcastle_united,H,mgr:b283d24885e5,Roberto De Zerbi,4231,L,False,28.64321608040201,45,83.03030303030303,25,15.151515151515152,50.0,18,10.909090909090908,11,6.407035175879397,11,17,0,1.12037,35.43827160493827,11.11111111111111,9,4,38,23,20.0,38.888888888888886,43.47826086956522,0.06590411764705884,team_tactical_v1,OBSERVED_TACTICAL_FEATURE,False,83.02631578947368,85.52631578947368,87.5,84.07894736842105,59.3421052631579,13.947368421052632,56.71052631578947,30.789473684210527,65.26315789473684,82.5,75.26315789473684,85.92105263157895,25.394736842105264,35.39473684210526,73.42105263157895,73.15789473684211,49.3421052631579,12.368421052631579,40.13157894736842,23.94736842105263
2627,soccerdata:sofascore:16363249,2026-08-30,brighton_hove_albion,chelsea,A,mgr:dfda8206a0e2,Fabian Hürzeler,4231,L,False,24.920802534318906,50,83.33333333333333,31,16.145833333333332,60.869565217391305,11,5.729166666666667,16,4.435058078141499,8,15,2,1.79173,34.058904109589044,8.219178082191782,7,5,38,31,22.580645161290324,63.63636363636363,45.16129032258065,0.11944866666666668,team_tactical_v1,OBSERVED_TACTICAL_FEATURE,False,63.68421052631579,90.78947368421052,88.8157894736842,94.47368421052632,67.5,44.86842105263158,15.657894736842104,2.236842105263158,89.86842105263158,38.68421052631579,46.31578947368421,74.73684210526316,83.15789473684211,65.78947368421052,63.94736842105263,49.3421052631579,25.13157894736842,19.736842105263158,40.13157894736842,50.526315789473685
2627,soccerdata:sofascore:16363249,2026-08-30,chelsea,brighton_hove_albion,H,mgr:84bddcc0c0d7,Xabi Alonso,3421,W,False,21.96078431372549,18,64.19753086419753,9,11.11111111111111,66.66666666666667,12,14.814814814814815,11,7.450980392156863,14,18,5,3.8289,27.43655913978495,3.225806451612903,8,9,24,31,33.333333333333336,50.0,54.83870967741935,0.21271666666666667,team_tactical_v1,OBSERVED_TACTICAL_FEATURE,False,43.421052631578945,10.131578947368421,2.1052631578947367,10.394736842105264,23.55263157894737,70.92105263157895,21.31578947368421,57.10526315789474,65.26315789473684,93.28947368421052,90.52631578947368,89.86842105263158,100.0,98.42105263157895,14.210526315789474,7.631578947368421,37.63157894736842,68.02631578947368,0.5263157894736842,50.526315789473685
2627,soccerdata:sofascore:16363253,2026-08-30,ipswich_town,manchester_united,A,mgr:2e016582b3f8,Gary O'Neil,4231,L,False,18.686131386861312,18,73.86363636363636,9,10.227272727272727,60.0,24,27.272727272727273,4,3.6496350364963503,9,10,3,1.80548,30.717777777777783,13.333333333333334,7,8,33,21,22.22222222222222,33.333333333333336,42.85714285714285,0.180548,team_tactical_v1,OBSERVED_TACTICAL_FEATURE,False,20.263157894736842,10.131578947368421,28.157894736842106,10.394736842105264,18.42105263157895,42.89473684210526,84.86842105263158,94.73684210526316,8.157894736842104,21.31578947368421,57.76315789473684,35.13157894736842,96.05263157894737,66.44736842105263,38.1578947368421,85.0,25.13157894736842,55.39473684210526,17.763157894736842,17.63157894736842
2627,soccerdata:sofascore:16363253,2026-08-30,manchester_united,ipswich_town,H,mgr:3aa905054daf,Michael Carrick,4231,W,False,28.312570781426952,62,70.58823529411765,24,11.764705882352942,61.702127659574465,22,10.784313725490197,19,6.681766704416761,20,33,4,4.86612,39.61153846153847,10.576923076923077,11,13,49,21,33.333333333333336,40.90909090909091,57.142857142857146,0.1474581818181818,team_tactical_v1,OBSERVED_TACTICAL_FEATURE,False,80.92105263157895,97.89473684210526,13.157894736842104,81.84210526315789,30.526315789473685,47.76315789473684,78.8157894736842,29.07894736842105,95.39473684210526,86.57894736842105,98.94736842105263,99.86842105263158,99.34210526315789,100.0,92.23684210526316,68.6842105263158,69.86842105263158,93.02631578947368,90.78947368421052,17.63157894736842
2627,soccerdata:sofascore:16363255,2026-08-30,fulham,sunderland,A,mgr:c4ccacd3c126,Álvaro Arbeloa,4231,L,False,25.087514585764293,34,82.08092485549133,18,10.404624277456648,76.47058823529412,23,13.294797687861271,11,3.9673278879813294,8,11,0,1.02405,35.64305555555556,11.11111111111111,4,7,31,35,22.22222222222222,47.82608695652174,37.142857142857146,0.09309545454545454,team_tactical_v1,OBSERVED_TACTICAL_FEATURE,False,64.47368421052632,65.52631578947368,83.94736842105263,57.89473684210526,19.210526315789473,91.71052631578948,82.89473684210526,48.026315789473685,65.26315789473684,29.210526315789473,46.31578947368421,44.3421052631579,25.394736842105264,31.973684210526315,75.13157894736842,73.15789473684211,4.2105263157894735,44.21052631578947,11.18421052631579,66.84210526315789
2627,soccerdata:sofascore:16363255,2026-08-30,sunderland,fulham,H,mgr:1a031e232e88,Régis Le Bris,4231,W,False,20.50561797752809,24,79.4392523364486,18,16.822429906542055,50.0,17,15.88785046728972,12,4.073033707865169,9,12,1,1.56229,30.590654205607475,7.4766355140186915,7,7,37,35,44.44444444444444,41.1764705882353,62.85714285714285,0.13019083333333334,team_tactical_v1,OBSERVED_TACTICAL_FEATURE,False,33.94736842105263,26.05263157894737,67.89473684210526,57.89473684210526,73.55263157894737,13.947368421052632,50.13157894736842,63.55263157894737,72.5,32.10526315789474,57.76315789473684,51.8421052631579,58.55263157894737,57.63157894736842,37.23684210526316,41.71052631578947,25.13157894736842,44.21052631578947,35.13157894736842,66.84210526315789
2627,soccerdata:sofascore:16363266,2026-08-30,brentford,leeds_united,A,mgr:5f487ee40c90,Keith Andrews,4231,D,False,30.1840490797546,36,72.57142857142857,30,17.142857142857142,61.111111111111114,18,10.285714285714286,14,6.625766871165644,16,22,1,1.61344,33.79504132231404,11.570247933884298,14,10,45,39,30.0,55.55555555555556,46.15384615384615,0.07333818181818182,team_tactical_v1,OBSERVED_TACTICAL_FEATURE,False,87.89473684210526,70.39473684210526,22.236842105263158,93.55263157894737,75.92105263157895,45.0,56.71052631578947,25.13157894736842,84.07894736842105,85.92105263157895,95.52631578947368,97.10526315789474,58.55263157894737,59.078947368421055,60.526315789473685,75.78947368421052,90.13157894736842,78.28947368421052,77.23684210526316,78.6842105263158
2627,soccerdata:sofascore:16363266,2026-08-30,leeds_united,brentford,H,mgr:fa5d385e34dc,Daniel Farke,3421,D,False,20.895522388059703,37,73.21428571428571,25,22.321428571428573,53.333333333333336,25,22.321428571428573,7,3.9348710990502034,7,12,1,1.14993,28.333057851239676,7.43801652892562,7,11,40,39,12.0,36.0,53.84615384615385,0.0958275,team_tactical_v1,OBSERVED_TACTICAL_FEATURE,False,36.8421052631579,72.10526315789474,25.263157894736842,84.07894736842105,96.44736842105263,17.894736842105264,89.21052631578948,86.57894736842105,29.07894736842105,27.894736842105264,35.6578947368421,51.8421052631579,58.55263157894737,37.36842105263158,18.42105263157895,41.05263157894737,25.13157894736842,84.07894736842105,52.36842105263158,78.6842105263158
