season,period,canonical_match_id,match_date,club_id,club_name,opponent_id,opponent_name,venue,home_away,team_goals,opponent_goals,goal_difference,result,manager_id,manager_name,formation,match_completed,provider_maturity,xg,xga,xg_diff,date,matches,formation_share,event_count,passes,successful_passes,key_passes,crosses,successful_crosses,take_ons,successful_take_ons,shots,shots_on_target,goals,tackles,successful_tackles,interceptions,clearances,blocks,recoveries,aerials,aerial_wins,final_third_entries,box_entries,event_activity_center_x,event_activity_center_y,defensive_third_event_share,middle_third_event_share,final_third_event_share,box_event_count,defensive_event_activity_depth,pass_completion_pct,cross_success_pct,take_on_success_pct,aerial_win_pct,box_event_share,feature_class,contains_prediction
2627,1,soccerdata:sofascore:16363236,2026-08-23,aston_villa,Aston Villa,brighton_hove_albion,Brighton & Hove Albion,A,A,0,4,-4,L,mgr:dcdf2dffc0c2,Unai Emery,4231,True,WHOSCORED_UNDERSTAT_FANTRAX_CURRENT,0.275249,4.00327,-3.7280209999999996,2026-08-23,1,1.0,512,265,196,5,4,1,17,7,7,1,1,19,10,8,23,7,17,23,7,13,2,51.649218749999996,37.209375,49.21875,35.7421875,15.0390625,10,26.17702702702703,73.9622641509434,25.0,41.1764705882353,30.434782608695652,1.953125,OBSERVED_OR_TRANSPARENTLY_DERIVED,False
2627,1,soccerdata:sofascore:16363236,2026-08-23,brighton_hove_albion,Brighton & Hove Albion,aston_villa,Aston Villa,H,H,4,0,4,W,mgr:dfda8206a0e2,Fabian Hürzeler,4231,True,WHOSCORED_UNDERSTAT_FANTRAX_CURRENT,4.00327,0.275249,3.7280209999999996,2026-08-23,1,1.0,942,679,615,15,23,5,11,4,21,3,3,21,13,10,13,10,33,23,16,62,13,51.82409766454353,52.39915074309979,21.443736730360936,47.66454352441614,30.89171974522293,52,45.31609195402299,90.57437407952872,21.73913043478261,36.36363636363637,69.56521739130434,5.520169851380042,OBSERVED_OR_TRANSPARENTLY_DERIVED,False
2627,1,soccerdata:sofascore:16363238,2026-08-22,leeds_united,Leeds United,nottingham_forest,Nottingham Forest,A,A,1,0,1,W,mgr:fa5d385e34dc,Daniel Farke,3421,True,WHOSCORED_UNDERSTAT_FANTRAX_CURRENT,0.466247,0.656681,-0.19043399999999994,2026-08-22,1,1.0,647,351,246,5,8,3,12,7,11,1,1,19,12,15,33,5,36,54,25,23,6,52.19953632148377,44.45919629057187,34.31221020092736,45.595054095826896,20.09273570324575,26,37.15277777777778,70.08547008547009,37.5,58.333333333333336,46.2962962962963,4.01854714064915,OBSERVED_OR_TRANSPARENTLY_DERIVED,False
2627,1,soccerdata:sofascore:16363238,2026-08-22,nottingham_forest,Nottingham Forest,leeds_united,Leeds United,H,H,0,1,-1,L,mgr:1058459b93f2,Oliver Glasner,3421,True,WHOSCORED_UNDERSTAT_FANTRAX_CURRENT,0.656681,0.466247,0.19043399999999994,2026-08-22,1,1.0,772,461,352,9,19,4,22,10,12,0,0,8,5,2,32,7,38,54,29,34,13,48.505310880829015,42.97435233160621,41.06217616580311,38.3419689119171,20.59585492227979,43,28.916091954022992,76.35574837310195,21.05263157894737,45.45454545454545,53.7037037037037,5.569948186528498,OBSERVED_OR_TRANSPARENTLY_DERIVED,False
2627,1,soccerdata:sofascore:16363242,2026-08-22,brentford,Brentford,tottenham_hotspur,Tottenham Hotspur,H,H,3,0,3,W,mgr:5f487ee40c90,Keith Andrews,4231,True,WHOSCORED_UNDERSTAT_FANTRAX_CURRENT,4.04155,0.756284,3.285266,2026-08-22,1,1.0,724,395,317,19,21,11,20,6,26,3,3,19,10,16,16,6,57,36,23,27,19,50.996685082872936,46.92430939226519,36.60220994475138,35.22099447513812,28.176795580110497,66,36.18070175438597,80.25316455696202,52.38095238095238,30.0,63.888888888888886,9.116022099447514,OBSERVED_OR_TRANSPARENTLY_DERIVED,False
2627,1,soccerdata:sofascore:16363242,2026-08-22,tottenham_hotspur,Tottenham Hotspur,brentford,Brentford,A,A,0,3,-3,L,mgr:b283d24885e5,Roberto De Zerbi,4231,True,WHOSCORED_UNDERSTAT_FANTRAX_CURRENT,0.756284,4.04155,-3.285266,2026-08-22,1,1.0,892,582,502,6,14,3,30,12,9,0,0,18,12,4,24,8,39,36,13,48,10,47.98251121076233,45.26636771300449,34.52914798206278,41.81614349775785,23.654708520179373,24,36.5258064516129,86.25429553264605,21.428571428571427,40.0,36.111111111111114,2.690582959641256,OBSERVED_OR_TRANSPARENTLY_DERIVED,False
2627,1,soccerdata:sofascore:16363243,2026-08-23,afc_bournemouth,AFC Bournemouth,manchester_city,Manchester City,A,A,1,2,-1,L,mgr:6fe0e0af19e4,Marco Rose,4231,True,WHOSCORED_UNDERSTAT_FANTRAX_CURRENT,0.707541,2.47444,-1.766899,2026-08-23,1,1.0,615,365,282,4,8,1,9,2,5,1,1,16,8,13,29,6,37,26,11,21,2,50.45544715447154,38.11414634146342,44.71544715447155,43.08943089430894,12.195121951219512,10,29.572277227722775,77.26027397260275,12.5,22.22222222222222,42.30769230769231,1.6260162601626016,OBSERVED_OR_TRANSPARENTLY_DERIVED,False
2627,1,soccerdata:sofascore:16363243,2026-08-23,manchester_city,Manchester City,afc_bournemouth,AFC Bournemouth,H,H,2,1,1,W,mgr:dc01d928d84f,Enzo Maresca,4231,True,WHOSCORED_UNDERSTAT_FANTRAX_CURRENT,2.47444,0.707541,1.766899,2026-08-23,1,1.0,950,698,609,10,24,9,17,6,13,2,2,15,8,8,11,4,46,26,15,50,18,49.99926315789474,51.68705263157894,22.0,50.8421052631579,27.157894736842106,57,43.897619047619045,87.24928366762178,37.5,35.294117647058826,57.69230769230769,6.0,OBSERVED_OR_TRANSPARENTLY_DERIVED,False
2627,1,soccerdata:sofascore:16363244,2026-08-24,chelsea,Chelsea,fulham,Fulham,A,A,3,2,1,W,mgr:84bddcc0c0d7,Xabi Alonso,3421,True,WHOSCORED_UNDERSTAT_FANTRAX_CURRENT,2.58384,1.41707,1.1667699999999999,2026-08-24,1,1.0,723,416,333,16,11,5,20,14,18,3,3,23,14,7,22,11,46,22,8,31,11,54.9149377593361,46.56320885200554,30.982019363762102,47.44121715076072,21.57676348547718,44,36.41651376146789,80.04807692307692,45.45454545454545,70.0,36.36363636363637,6.085753803596127,OBSERVED_OR_TRANSPARENTLY_DERIVED,False
2627,1,soccerdata:sofascore:16363244,2026-08-24,fulham,Fulham,chelsea,Chelsea,H,H,2,3,-1,L,mgr:c4ccacd3c126,Álvaro Arbeloa,4231,True,WHOSCORED_UNDERSTAT_FANTRAX_CURRENT,1.41707,2.58384,-1.1667699999999999,2026-08-24,1,1.0,936,658,558,10,17,4,23,8,14,2,2,20,15,9,17,4,37,22,14,45,7,47.94497863247863,46.22467948717949,33.22649572649573,44.01709401709402,22.756410256410255,34,32.84252873563219,84.80243161094225,23.529411764705884,34.78260869565217,63.63636363636363,3.6324786324786325,OBSERVED_OR_TRANSPARENTLY_DERIVED,False
2627,2,soccerdata:sofascore:16363245,2026-08-29,arsenal,Arsenal,aston_villa,Aston Villa,A,A,1,0,1,W,mgr:5fdd2f365fdc,Mikel Arteta,4231,True,WHOSCORED_UNDERSTAT_FANTRAX_CURRENT,1.52441,0.281925,1.242485,2026-08-29,1,1.0,828,569,487,5,16,3,19,7,7,1,1,13,7,8,20,4,44,23,15,39,10,55.7647342995169,48.09903381642512,29.347826086956523,45.04830917874396,25.603864734299517,32,35.19775280898876,85.58875219683655,18.75,36.8421052631579,65.21739130434783,3.864734299516908,OBSERVED_OR_TRANSPARENTLY_DERIVED,False
2627,2,soccerdata:sofascore:16363245,2026-08-29,aston_villa,Aston Villa,arsenal,Arsenal,H,H,0,1,-1,L,mgr:dcdf2dffc0c2,Unai Emery,4231,True,WHOSCORED_UNDERSTAT_FANTRAX_CURRENT,0.281925,1.52441,-1.242485,2026-08-29,1,1.0,617,368,283,5,11,1,9,4,7,0,0,20,11,2,19,8,40,23,8,34,7,48.312479740680715,42.78184764991896,40.84278768233387,39.222042139384115,19.93517017828201,23,29.51011235955056,76.90217391304348,9.090909090909092,44.44444444444444,34.78260869565217,3.727714748784441,OBSERVED_OR_TRANSPARENTLY_DERIVED,False
2627,1,soccerdata:sofascore:16363246,2026-08-23,liverpool,Liverpool,newcastle_united,Newcastle United,A,A,2,2,0,D,mgr:b4b8eecb310f,Andoni Iraola,4231,True,WHOSCORED_UNDERSTAT_FANTRAX_CURRENT,3.13133,1.59465,1.5366800000000003,2026-08-23,1,1.0,781,493,401,14,27,7,19,5,27,2,2,17,9,8,18,3,42,24,13,60,12,52.84673495518566,52.17016645326505,22.66325224071703,47.63124199743918,29.70550576184379,55,38.88068181818182,81.33874239350912,25.925925925925927,26.31578947368421,54.166666666666664,7.042253521126761,OBSERVED_OR_TRANSPARENTLY_DERIVED,False
2627,1,soccerdata:sofascore:16363246,2026-08-23,newcastle_united,Newcastle United,liverpool,Liverpool,H,H,2,2,0,D,mgr:bdab23b1e545,Matthias Jaissle,4231,True,WHOSCORED_UNDERSTAT_FANTRAX_CURRENT,1.59465,3.13133,-1.5366800000000003,2026-08-23,1,1.0,631,327,240,6,8,1,15,4,13,2,2,19,8,4,40,9,35,24,11,15,6,51.48858954041204,37.7486529318542,48.17749603803487,35.49920760697306,16.323296354992078,21,27.689719626168227,73.39449541284404,12.5,26.666666666666668,45.833333333333336,3.3280507131537242,OBSERVED_OR_TRANSPARENTLY_DERIVED,False
2627,2,soccerdata:sofascore:16363247,2026-08-29,afc_bournemouth,AFC Bournemouth,everton,Everton,H,H,1,1,0,D,mgr:6fe0e0af19e4,Marco Rose,4231,True,WHOSCORED_UNDERSTAT_FANTRAX_CURRENT,2.25803,1.66352,0.5945100000000001,2026-08-29,1,1.0,811,505,402,14,23,6,11,5,17,1,1,18,10,9,26,7,47,39,24,47,13,51.32872996300863,45.518249075215785,37.97780517879161,38.10110974106042,23.921085080147964,52,33.41775700934579,79.60396039603961,26.08695652173913,45.45454545454545,61.53846153846154,6.411837237977805,OBSERVED_OR_TRANSPARENTLY_DERIVED,False
2627,2,soccerdata:sofascore:16363247,2026-08-29,everton,Everton,afc_bournemouth,AFC Bournemouth,A,A,1,1,0,D,mgr:84316c036a2d,David Moyes,4231,True,WHOSCORED_UNDERSTAT_FANTRAX_CURRENT,1.66352,2.25803,-0.5945100000000001,2026-08-29,1,1.0,682,355,263,9,20,2,19,5,13,1,1,18,11,11,29,8,48,39,15,26,8,47.83005865102639,43.81598240469208,39.882697947214076,35.043988269794724,25.073313782991203,33,31.8,74.08450704225352,10.0,26.31578947368421,38.46153846153846,4.838709677419355,OBSERVED_OR_TRANSPARENTLY_DERIVED,False
2627,2,soccerdata:sofascore:16363249,2026-08-30,brighton_hove_albion,Brighton & Hove Albion,chelsea,Chelsea,A,A,3,4,-1,L,mgr:dfda8206a0e2,Fabian Hürzeler,4231,True,WHOSCORED_UNDERSTAT_FANTRAX_CURRENT,1.79173,3.8289,-2.0371699999999997,2026-08-30,1,1.0,947,708,602,8,31,7,11,7,15,2,2,9,7,5,14,7,38,31,14,50,16,51.51235480464625,47.63104540654699,29.03907074973601,46.04012671594509,24.920802534318902,42,34.058904109589044,85.02824858757062,22.580645161290324,63.63636363636363,45.16129032258065,4.435058078141499,OBSERVED_OR_TRANSPARENTLY_DERIVED,False
2627,2,soccerdata:sofascore:16363249,2026-08-30,chelsea,Chelsea,brighton_hove_albion,Brighton & Hove Albion,H,H,4,3,1,W,mgr:84bddcc0c0d7,Xabi Alonso,3421,True,WHOSCORED_UNDERSTAT_FANTRAX_CURRENT,3.8289,1.79173,2.0371699999999997,2026-08-30,1,1.0,510,252,167,14,9,3,12,6,18,5,5,12,8,9,42,6,24,31,17,18,11,50.63627450980392,41.07313725490196,47.64705882352941,30.392156862745097,21.96078431372549,38,27.43655913978495,66.26984126984127,33.333333333333336,50.0,54.83870967741935,7.450980392156863,OBSERVED_OR_TRANSPARENTLY_DERIVED,False
2627,2,soccerdata:sofascore:16363250,2026-08-29,coventry_city,Coventry City,hull_city,Hull City,H,H,0,1,-1,L,mgr:fb84c76f2aab,Frank Lampard,4231,True,WHOSCORED_UNDERSTAT_FANTRAX_CURRENT,1.18233,0.459726,0.722604,2026-08-29,1,1.0,908,646,533,10,34,7,16,7,11,0,0,7,6,2,27,7,48,32,17,44,8,45.69988986784141,46.624889867841404,31.497797356828194,44.16299559471366,24.33920704845815,34,31.72857142857143,82.50773993808049,20.58823529411765,43.75,53.125,3.7444933920704844,OBSERVED_OR_TRANSPARENTLY_DERIVED,False
2627,2,soccerdata:sofascore:16363250,2026-08-29,hull_city,Hull City,coventry_city,Coventry City,A,A,1,0,1,W,mgr:9f4440ec2ca8,Sergej Jakirovic,541,True,WHOSCORED_UNDERSTAT_FANTRAX_CURRENT,0.459726,1.18233,-0.722604,2026-08-29,1,1.0,575,309,199,4,11,1,10,4,6,1,1,15,7,7,35,6,40,32,15,19,5,54.735652173913046,40.595652173913045,44.0,37.04347826086956,18.956521739130434,18,29.15533980582524,64.40129449838187,9.090909090909092,40.0,46.875,3.130434782608696,OBSERVED_OR_TRANSPARENTLY_DERIVED,False
2627,2,soccerdata:sofascore:16363252,2026-08-28,crystal_palace,Crystal Palace,manchester_city,Manchester City,H,H,1,4,-3,L,mgr:698607e509b7,Pierre Sage,3421,True,WHOSCORED_UNDERSTAT_FANTRAX_CURRENT,0.926624,2.56662,-1.639996,2026-08-28,1,1.0,593,326,255,7,18,4,15,8,9,0,0,34,23,11,21,4,32,18,6,17,6,54.29898819561552,37.88752107925801,47.8920741989882,36.930860033726816,15.177065767284992,21,29.72745098039216,78.22085889570552,22.22222222222222,53.333333333333336,33.333333333333336,3.5413153456998314,OBSERVED_OR_TRANSPARENTLY_DERIVED,False
2627,2,soccerdata:sofascore:16363252,2026-08-28,manchester_city,Manchester City,crystal_palace,Crystal Palace,A,A,4,1,3,W,mgr:dc01d928d84f,Enzo Maresca,4231,True,WHOSCORED_UNDERSTAT_FANTRAX_CURRENT,2.56662,0.926624,1.639996,2026-08-28,1,1.0,1088,826,758,15,15,5,39,17,19,5,5,14,10,9,15,5,34,18,12,56,11,48.7938419117647,49.66819852941177,24.908088235294116,51.286764705882355,23.80514705882353,47,40.17142857142857,91.76755447941889,33.333333333333336,43.58974358974359,66.66666666666667,4.319852941176471,OBSERVED_OR_TRANSPARENTLY_DERIVED,False
2627,2,soccerdata:sofascore:16363253,2026-08-30,ipswich_town,Ipswich Town,manchester_united,Manchester United,A,A,2,5,-3,L,mgr:2e016582b3f8,Gary O'Neil,4231,True,WHOSCORED_UNDERSTAT_FANTRAX_CURRENT,1.80548,4.86612,-3.0606399999999994,2026-08-30,1,1.0,685,407,332,9,9,2,24,8,10,3,3,10,7,8,27,12,33,21,9,18,4,54.5548905109489,39.57036496350364,46.86131386861314,34.45255474452555,18.686131386861312,25,30.717777777777783,81.57248157248158,22.22222222222222,33.333333333333336,42.857142857142854,3.6496350364963503,OBSERVED_OR_TRANSPARENTLY_DERIVED,False
2627,2,soccerdata:sofascore:16363253,2026-08-30,manchester_united,Manchester United,ipswich_town,Ipswich Town,H,H,5,2,3,W,mgr:3aa905054daf,Michael Carrick,4231,True,WHOSCORED_UNDERSTAT_FANTRAX_CURRENT,4.86612,1.80548,3.0606399999999994,2026-08-30,1,1.0,883,600,524,20,24,8,22,9,33,4,4,22,11,13,10,10,49,21,12,62,19,46.85945639864099,50.20158550396376,26.613816534541336,45.07361268403171,28.312570781426952,59,39.611538461538466,87.33333333333333,33.333333333333336,40.90909090909091,57.142857142857146,6.681766704416761,OBSERVED_OR_TRANSPARENTLY_DERIVED,False
2627,2,soccerdata:sofascore:16363254,2026-08-29,liverpool,Liverpool,nottingham_forest,Nottingham Forest,H,H,2,2,0,D,mgr:b4b8eecb310f,Andoni Iraola,4231,True,WHOSCORED_UNDERSTAT_FANTRAX_CURRENT,1.27921,2.87937,-1.6001600000000002,2026-08-29,1,1.0,998,683,588,11,30,5,30,8,13,2,2,21,9,11,23,8,43,29,12,72,12,52.60280561122244,50.8811623246493,21.8436873747495,51.503006012024045,26.65330661322645,36,38.18773584905661,86.09077598828696,16.666666666666668,26.666666666666668,41.37931034482759,3.6072144288577155,OBSERVED_OR_TRANSPARENTLY_DERIVED,False
2627,2,soccerdata:sofascore:16363254,2026-08-29,nottingham_forest,Nottingham Forest,liverpool,Liverpool,A,A,2,2,0,D,mgr:1058459b93f2,Oliver Glasner,3421,True,WHOSCORED_UNDERSTAT_FANTRAX_CURRENT,2.87937,1.27921,1.6001600000000002,2026-08-29,1,1.0,630,321,212,9,7,2,23,9,12,2,2,23,13,6,35,9,39,29,17,30,7,51.409682539682535,40.98952380952381,44.12698412698413,38.41269841269841,17.46031746031746,32,25.874107142857145,66.04361370716511,28.571428571428573,39.130434782608695,58.62068965517241,5.079365079365079,OBSERVED_OR_TRANSPARENTLY_DERIVED,False
2627,2,soccerdata:sofascore:16363255,2026-08-30,fulham,Fulham,sunderland,Sunderland,A,A,0,1,-1,L,mgr:c4ccacd3c126,Álvaro Arbeloa,4231,True,WHOSCORED_UNDERSTAT_FANTRAX_CURRENT,1.02405,1.56229,-0.53824,2026-08-30,1,1.0,857,606,503,8,18,4,23,11,11,0,0,11,4,7,18,5,31,35,13,34,11,48.981446907817976,45.78133022170361,34.88914819136523,40.02333722287048,25.087514585764293,34,35.643055555555556,83.003300330033,22.22222222222222,47.82608695652174,37.142857142857146,3.9673278879813303,OBSERVED_OR_TRANSPARENTLY_DERIVED,False
2627,2,soccerdata:sofascore:16363255,2026-08-30,sunderland,Sunderland,fulham,Fulham,H,H,1,0,1,W,mgr:1a031e232e88,Régis Le Bris,4231,True,WHOSCORED_UNDERSTAT_FANTRAX_CURRENT,1.56229,1.02405,0.53824,2026-08-30,1,1.0,712,427,350,9,18,8,17,7,12,1,1,13,7,7,39,11,37,35,22,24,12,51.62640449438202,43.608567415730334,40.02808988764045,39.46629213483146,20.50561797752809,29,30.590654205607475,81.9672131147541,44.44444444444444,41.1764705882353,62.857142857142854,4.073033707865169,OBSERVED_OR_TRANSPARENTLY_DERIVED,False
2627,2,soccerdata:sofascore:16363256,2026-08-29,newcastle_united,Newcastle United,tottenham_hotspur,Tottenham Hotspur,A,A,2,0,2,W,mgr:bdab23b1e545,Matthias Jaissle,4231,True,WHOSCORED_UNDERSTAT_FANTRAX_CURRENT,1.00952,1.12037,-0.11085000000000012,2026-08-29,1,1.0,663,402,333,11,14,6,14,6,11,2,2,12,4,3,29,5,33,23,13,22,14,47.93257918552037,41.656410256410254,43.43891402714932,36.3499245852187,20.211161387631975,28,25.931707317073172,82.83582089552239,42.857142857142854,42.857142857142854,56.52173913043478,4.223227752639517,OBSERVED_OR_TRANSPARENTLY_DERIVED,False
2627,2,soccerdata:sofascore:16363256,2026-08-29,tottenham_hotspur,Tottenham Hotspur,newcastle_united,Newcastle United,H,H,0,2,-2,L,mgr:b283d24885e5,Roberto De Zerbi,4231,True,WHOSCORED_UNDERSTAT_FANTRAX_CURRENT,1.12037,1.00952,0.11085000000000012,2026-08-29,1,1.0,796,543,467,11,25,5,18,7,17,0,0,13,9,4,21,5,38,23,10,45,11,52.271859296482404,49.01733668341709,30.527638190954775,40.82914572864322,28.64321608040201,51,35.43827160493827,86.0036832412523,20.0,38.888888888888886,43.47826086956522,6.407035175879397,OBSERVED_OR_TRANSPARENTLY_DERIVED,False
2627,3,soccerdata:sofascore:16363257,2026-09-06,arsenal,Arsenal,chelsea,Chelsea,H,H,2,1,1,W,mgr:5fdd2f365fdc,Mikel Arteta,4231,True,WHOSCORED_UNDERSTAT_FANTRAX_CURRENT,2.80555,0.430508,2.375042,2026-09-06,1,1.0,749,491,406,14,16,4,8,3,16,2,2,10,5,9,23,8,29,29,13,41,22,55.27823765020027,50.86502002670227,28.97196261682243,37.78371161548731,33.244325767690256,57,32.60506329113924,82.68839103869654,25.0,37.5,44.827586206896555,7.610146862483311,OBSERVED_OR_TRANSPARENTLY_DERIVED,False
2627,3,soccerdata:sofascore:16363257,2026-09-06,chelsea,Chelsea,arsenal,Arsenal,A,A,1,2,-1,L,mgr:84bddcc0c0d7,Xabi Alonso,3421,True,WHOSCORED_UNDERSTAT_FANTRAX_CURRENT,0.430508,2.80555,-2.375042,2026-09-06,1,1.0,676,413,326,10,14,1,9,2,13,1,1,12,6,7,25,7,34,29,16,28,7,50.055473372781066,45.64363905325443,35.798816568047336,40.0887573964497,24.11242603550296,35,31.796470588235287,78.93462469733656,7.142857142857143,22.22222222222222,55.172413793103445,5.177514792899408,OBSERVED_OR_TRANSPARENTLY_DERIVED,False
2627,3,soccerdata:sofascore:16363258,2026-09-05,brighton_hove_albion,Brighton & Hove Albion,leeds_united,Leeds United,H,H,1,1,0,D,mgr:dfda8206a0e2,Fabian Hürzeler,4231,True,WHOSCORED_UNDERSTAT_FANTRAX_CURRENT,2.22026,2.23407,-0.013809999999999878,2026-09-05,1,1.0,891,580,465,14,35,6,22,10,20,1,1,8,4,5,33,7,38,42,21,35,10,48.206285072951744,47.96397306397306,30.190796857463525,43.20987654320987,26.5993265993266,46,32.0989010989011,80.17241379310344,17.142857142857142,45.45454545454545,50.0,5.162738496071829,OBSERVED_OR_TRANSPARENTLY_DERIVED,False
2627,3,soccerdata:sofascore:16363258,2026-09-05,leeds_united,Leeds United,brighton_hove_albion,Brighton & Hove Albion,A,A,1,1,0,D,mgr:fa5d385e34dc,Daniel Farke,352,True,WHOSCORED_UNDERSTAT_FANTRAX_CURRENT,2.23407,2.22026,0.013809999999999878,2026-09-05,1,1.0,605,289,183,7,13,1,18,7,10,1,1,17,9,8,39,9,24,42,21,14,8,49.87371900826446,40.904462809917355,43.63636363636363,35.20661157024794,21.15702479338843,37,28.602061855670105,63.32179930795848,7.6923076923076925,38.888888888888886,50.0,6.115702479338843,OBSERVED_OR_TRANSPARENTLY_DERIVED,False
2627,3,soccerdata:sofascore:16363259,2026-09-06,everton,Everton,manchester_united,Manchester United,H,H,2,2,0,D,mgr:84316c036a2d,David Moyes,4231,True,WHOSCORED_UNDERSTAT_FANTRAX_CURRENT,1.05629,0.872225,0.18406499999999992,2026-09-06,1,1.0,728,465,385,14,21,4,15,10,18,2,2,16,8,12,18,8,39,30,14,24,11,47.69120879120879,49.97623626373626,30.906593406593405,34.47802197802198,34.61538461538461,45,41.979569892473116,82.79569892473118,19.047619047619047,66.66666666666667,46.666666666666664,6.181318681318682,OBSERVED_OR_TRANSPARENTLY_DERIVED,False
2627,3,soccerdata:sofascore:16363259,2026-09-06,manchester_united,Manchester United,everton,Everton,A,A,2,2,0,D,mgr:3aa905054daf,Michael Carrick,4231,True,WHOSCORED_UNDERSTAT_FANTRAX_CURRENT,0.872225,1.05629,-0.18406499999999992,2026-09-06,1,1.0,834,557,478,10,11,4,16,6,14,2,2,11,7,9,33,6,40,30,16,31,9,51.66091127098321,42.42086330935252,39.20863309352518,41.96642685851319,18.82494004796163,33,25.108080808080807,85.81687612208259,36.36363636363637,37.5,53.333333333333336,3.9568345323741005,OBSERVED_OR_TRANSPARENTLY_DERIVED,False
2627,3,soccerdata:sofascore:16363260,2026-09-05,brentford,Brentford,sunderland,Sunderland,H,H,1,1,0,D,mgr:5f487ee40c90,Keith Andrews,4231,True,WHOSCORED_UNDERSTAT_FANTRAX_CURRENT,1.58584,2.15489,-0.5690500000000001,2026-09-05,1,1.0,729,415,310,7,19,4,26,6,12,1,1,10,6,8,31,11,40,53,25,29,11,46.83141289437585,43.508916323731135,40.1920438957476,35.939643347050755,23.868312757201647,38,32.498000000000005,74.6987951807229,21.05263157894737,23.076923076923077,47.16981132075472,5.212620027434842,OBSERVED_OR_TRANSPARENTLY_DERIVED,False
2627,3,soccerdata:sofascore:16363260,2026-09-05,sunderland,Sunderland,brentford,Brentford,A,A,1,1,0,D,mgr:1a031e232e88,Régis Le Bris,4231,True,WHOSCORED_UNDERSTAT_FANTRAX_CURRENT,2.15489,1.58584,0.5690500000000001,2026-09-05,1,1.0,736,418,309,7,14,2,16,7,14,1,1,19,13,5,28,9,47,53,28,37,14,49.83029891304348,46.30271739130435,35.733695652173914,37.5,26.766304347826086,49,37.13148148148149,73.92344497607655,14.285714285714286,43.75,52.83018867924528,6.657608695652174,OBSERVED_OR_TRANSPARENTLY_DERIVED,False
2627,3,soccerdata:sofascore:16363261,2026-09-04,ipswich_town,Ipswich Town,liverpool,Liverpool,H,H,0,2,-2,L,mgr:2e016582b3f8,Gary O'Neil,4231,True,WHOSCORED_UNDERSTAT_FANTRAX_CURRENT,0.597972,0.744139,-0.14616700000000005,2026-09-04,1,1.0,731,469,382,13,15,4,15,2,14,0,0,18,10,9,28,4,38,22,7,28,11,50.22571819425445,43.28960328317373,39.67168262653899,40.76607387140903,19.562243502051984,24,34.55876288659794,81.4498933901919,26.666666666666668,13.333333333333334,31.818181818181817,3.283173734610123,OBSERVED_OR_TRANSPARENTLY_DERIVED,False
2627,3,soccerdata:sofascore:16363261,2026-09-04,liverpool,Liverpool,ipswich_town,Ipswich Town,A,A,2,0,2,W,mgr:b4b8eecb310f,Andoni Iraola,4231,True,WHOSCORED_UNDERSTAT_FANTRAX_CURRENT,0.744139,0.597972,0.14616700000000005,2026-09-04,1,1.0,858,562,489,10,11,3,23,13,10,2,2,15,11,5,27,12,37,22,15,41,7,48.203729603729606,45.54277389277389,32.4009324009324,46.62004662004662,20.97902097902098,28,36.14479166666667,87.01067615658363,27.272727272727273,56.52173913043478,68.18181818181819,3.2634032634032635,OBSERVED_OR_TRANSPARENTLY_DERIVED,False
2627,3,soccerdata:sofascore:16363262,2026-09-05,aston_villa,Aston Villa,hull_city,Hull City,A,A,0,0,0,D,mgr:dcdf2dffc0c2,Unai Emery,4231,True,WHOSCORED_UNDERSTAT_FANTRAX_CURRENT,1.63526,0.812385,0.8228749999999999,2026-09-05,1,1.0,972,730,642,9,12,1,18,8,13,0,0,7,3,4,20,3,31,30,13,55,12,53.078497942386825,49.43971193415638,26.74897119341564,45.98765432098765,27.263374485596707,34,28.74153846153846,87.94520547945206,8.333333333333334,44.44444444444444,43.333333333333336,3.4979423868312756,OBSERVED_OR_TRANSPARENTLY_DERIVED,False
2627,3,soccerdata:sofascore:16363262,2026-09-05,hull_city,Hull City,aston_villa,Aston Villa,H,H,0,0,0,D,mgr:9f4440ec2ca8,Sergej Jakirovic,541,True,WHOSCORED_UNDERSTAT_FANTRAX_CURRENT,0.812385,1.63526,-0.8228749999999999,2026-09-05,1,1.0,496,266,179,9,21,2,15,9,11,0,0,16,6,16,17,9,29,30,17,16,5,46.01673387096774,42.92943548387097,42.13709677419355,31.653225806451612,26.20967741935484,18,32.0,67.29323308270676,9.523809523809524,60.0,56.666666666666664,3.629032258064516,OBSERVED_OR_TRANSPARENTLY_DERIVED,False
2627,3,soccerdata:sofascore:16363263,2026-09-05,coventry_city,Coventry City,manchester_city,Manchester City,A,A,0,1,-1,L,mgr:fb84c76f2aab,Frank Lampard,3421,True,WHOSCORED_UNDERSTAT_FANTRAX_CURRENT,1.49306,2.19038,-0.6973200000000002,2026-09-05,1,1.0,537,250,157,9,15,5,16,5,12,0,0,16,10,18,26,3,37,37,16,17,7,53.167225325884544,42.196461824953445,41.899441340782126,35.19553072625698,22.905027932960895,33,28.050999999999995,62.8,33.333333333333336,31.25,43.24324324324324,6.145251396648045,OBSERVED_OR_TRANSPARENTLY_DERIVED,False
2627,3,soccerdata:sofascore:16363263,2026-09-05,manchester_city,Manchester City,coventry_city,Coventry City,H,H,1,0,1,W,mgr:dc01d928d84f,Enzo Maresca,4231,True,WHOSCORED_UNDERSTAT_FANTRAX_CURRENT,2.19038,1.49306,0.6973200000000002,2026-09-05,1,1.0,1137,855,772,11,19,5,23,12,15,1,1,13,6,5,26,8,41,37,21,54,11,50.29824098504837,48.94775725593668,23.658751099384343,56.02462620932278,20.316622691292874,51,33.27741935483871,90.29239766081871,26.31578947368421,52.17391304347826,56.75675675675676,4.485488126649076,OBSERVED_OR_TRANSPARENTLY_DERIVED,False
2627,2,soccerdata:sofascore:16363266,2026-08-30,brentford,Brentford,leeds_united,Leeds United,A,A,1,1,0,D,mgr:5f487ee40c90,Keith Andrews,4231,True,WHOSCORED_UNDERSTAT_FANTRAX_CURRENT,1.61344,1.14993,0.4635100000000001,2026-08-30,1,1.0,815,480,360,16,30,9,18,10,22,1,1,19,14,10,39,8,45,39,18,36,14,50.11828220858896,48.31006134969326,34.11042944785276,35.70552147239264,30.1840490797546,54,33.79504132231404,75.0,30.0,55.55555555555556,46.15384615384615,6.625766871165644,OBSERVED_OR_TRANSPARENTLY_DERIVED,False
2627,2,soccerdata:sofascore:16363266,2026-08-30,leeds_united,Leeds United,brentford,Brentford,H,H,1,1,0,D,mgr:fa5d385e34dc,Daniel Farke,3421,True,WHOSCORED_UNDERSTAT_FANTRAX_CURRENT,1.14993,1.61344,-0.4635100000000001,2026-08-30,1,1.0,737,421,300,7,25,3,25,9,12,1,1,19,7,11,47,4,40,39,21,37,7,52.40909090909091,41.31940298507463,43.55495251017639,35.549525101763905,20.895522388059703,29,28.333057851239673,71.25890736342043,12.0,36.0,53.84615384615385,3.9348710990502034,OBSERVED_OR_TRANSPARENTLY_DERIVED,False
2627,3,soccerdata:sofascore:16363269,2026-09-05,crystal_palace,Crystal Palace,fulham,Fulham,A,A,3,2,1,W,mgr:698607e509b7,Pierre Sage,3421,True,WHOSCORED_UNDERSTAT_FANTRAX_CURRENT,2.35981,2.88274,-0.5229300000000001,2026-09-05,1,1.0,684,403,312,8,7,0,10,5,10,3,3,18,12,12,29,11,35,23,15,21,3,52.193421052631585,37.42163742690059,48.39181286549707,34.64912280701754,16.95906432748538,25,28.56380952380952,77.41935483870968,0.0,50.0,65.21739130434783,3.654970760233918,OBSERVED_OR_TRANSPARENTLY_DERIVED,False
2627,3,soccerdata:sofascore:16363269,2026-09-05,fulham,Fulham,crystal_palace,Crystal Palace,H,H,2,3,-1,L,mgr:c4ccacd3c126,Álvaro Arbeloa,4231,True,WHOSCORED_UNDERSTAT_FANTRAX_CURRENT,2.88274,2.35981,0.5229300000000001,2026-09-05,1,1.0,995,718,626,20,16,4,27,10,25,2,2,11,6,9,14,8,47,23,8,48,19,48.78321608040201,48.81798994974874,28.844221105527637,46.130653266331656,25.025125628140703,81,36.522471910112365,87.1866295264624,25.0,37.03703703703704,34.78260869565217,8.140703517587939,OBSERVED_OR_TRANSPARENTLY_DERIVED,False
2627,1,soccerdata:sofascore:16363633,2026-08-21,arsenal,Arsenal,coventry_city,Coventry City,H,H,3,0,3,W,mgr:5fdd2f365fdc,Mikel Arteta,4231,True,WHOSCORED_UNDERSTAT_FANTRAX_CURRENT,1.85424,0.558336,1.2959040000000002,2026-08-21,1,1.0,899,653,583,17,19,1,9,4,20,3,3,9,6,5,26,7,37,28,11,43,15,57.426140155728575,51.38220244716352,24.360400444938822,45.49499443826474,30.14460511679644,53,35.87142857142857,89.2802450229709,5.2631578947368425,44.44444444444444,39.285714285714285,5.89543937708565,OBSERVED_OR_TRANSPARENTLY_DERIVED,False
2627,1,soccerdata:sofascore:16363633,2026-08-21,coventry_city,Coventry City,arsenal,Arsenal,A,A,0,3,-3,L,mgr:fb84c76f2aab,Frank Lampard,4141,True,WHOSCORED_UNDERSTAT_FANTRAX_CURRENT,0.558336,1.85424,-1.2959040000000002,2026-08-21,1,1.0,596,367,280,3,10,1,10,3,4,0,0,4,2,9,33,4,35,28,17,32,3,49.48489932885906,42.9255033557047,39.76510067114094,37.41610738255034,22.818791946308725,7,24.630588235294116,76.29427792915531,10.0,30.0,60.714285714285715,1.174496644295302,OBSERVED_OR_TRANSPARENTLY_DERIVED,False
2627,1,soccerdata:sofascore:16363634,2026-08-22,hull_city,Hull City,manchester_united,Manchester United,H,H,2,0,2,W,mgr:9f4440ec2ca8,Sergej Jakirovic,541,True,WHOSCORED_UNDERSTAT_FANTRAX_CURRENT,1.49627,1.77874,-0.28247,2026-08-22,1,1.0,586,291,202,5,15,5,9,3,8,2,2,17,11,6,55,9,29,38,21,26,6,52.97320819112628,34.81877133105802,54.948805460750854,30.716723549488055,14.334470989761092,19,22.02327586206896,69.41580756013745,33.333333333333336,33.333333333333336,55.26315789473684,3.242320819112628,OBSERVED_OR_TRANSPARENTLY_DERIVED,False
2627,1,soccerdata:sofascore:16363634,2026-08-22,manchester_united,Manchester United,hull_city,Hull City,A,A,0,2,-2,L,mgr:3aa905054daf,Michael Carrick,4231,True,WHOSCORED_UNDERSTAT_FANTRAX_CURRENT,1.77874,1.49627,0.28247,2026-08-22,1,1.0,988,743,626,19,39,9,17,4,21,0,0,6,4,3,16,2,44,38,17,68,20,52.02742914979756,54.4839068825911,19.331983805668017,45.54655870445344,35.121457489878544,60,32.366197183098585,84.25302826379543,23.076923076923077,23.529411764705884,44.73684210526316,6.0728744939271255,OBSERVED_OR_TRANSPARENTLY_DERIVED,False
2627,1,soccerdata:sofascore:16363635,2026-08-22,crystal_palace,Crystal Palace,everton,Everton,A,A,0,2,-2,L,mgr:698607e509b7,Pierre Sage,3421,True,WHOSCORED_UNDERSTAT_FANTRAX_CURRENT,2.23095,1.45085,0.7801,2026-08-22,1,1.0,921,617,529,10,12,2,9,3,11,0,0,25,16,10,33,13,43,30,13,41,7,51.18827361563518,44.26102062975026,36.156351791530945,42.56243213897937,21.281216069489684,20,35.312903225806444,85.73743922204214,16.666666666666668,33.333333333333336,43.333333333333336,2.1715526601520088,OBSERVED_OR_TRANSPARENTLY_DERIVED,False
2627,1,soccerdata:sofascore:16363635,2026-08-22,everton,Everton,crystal_palace,Crystal Palace,H,H,2,0,2,W,mgr:84316c036a2d,David Moyes,4231,True,WHOSCORED_UNDERSTAT_FANTRAX_CURRENT,1.45085,2.23095,-0.7801,2026-08-22,1,1.0,767,457,364,13,14,2,25,4,16,2,2,18,10,8,21,18,54,30,17,32,14,50.387614080834425,47.65893089960887,33.3767926988266,38.591916558018255,28.03129074315515,49,36.02689075630252,79.64989059080963,14.285714285714286,16.0,56.666666666666664,6.388526727509778,OBSERVED_OR_TRANSPARENTLY_DERIVED,False
2627,1,soccerdata:sofascore:16363636,2026-08-22,ipswich_town,Ipswich Town,sunderland,Sunderland,H,H,2,1,1,W,mgr:2e016582b3f8,Gary O'Neil,4231,True,WHOSCORED_UNDERSTAT_FANTRAX_CURRENT,1.58452,1.17743,0.40708999999999995,2026-08-22,1,1.0,665,371,284,9,15,5,21,11,10,2,2,22,15,9,34,6,42,27,14,27,6,52.979548872180445,42.411428571428566,40.0,42.10526315789474,17.894736842105264,32,29.645132743362833,76.54986522911051,33.333333333333336,52.38095238095238,51.851851851851855,4.81203007518797,OBSERVED_OR_TRANSPARENTLY_DERIVED,False
2627,1,soccerdata:sofascore:16363636,2026-08-22,sunderland,Sunderland,ipswich_town,Ipswich Town,A,A,1,2,-1,L,mgr:1a031e232e88,Régis Le Bris,4231,True,WHOSCORED_UNDERSTAT_FANTRAX_CURRENT,1.17743,1.58452,-0.40708999999999995,2026-08-22,1,1.0,884,613,521,9,23,4,18,10,11,1,1,16,7,9,13,5,40,27,13,41,5,47.22013574660633,46.234502262443435,32.23981900452489,46.040723981900456,21.71945701357466,31,35.0698795180723,84.99184339314846,17.391304347826086,55.55555555555556,48.148148148148145,3.506787330316742,OBSERVED_OR_TRANSPARENTLY_DERIVED,False
2627,3,soccerdata:sofascore:16363637,2026-09-05,afc_bournemouth,AFC Bournemouth,newcastle_united,Newcastle United,A,A,2,2,0,D,mgr:6fe0e0af19e4,Marco Rose,4231,True,WHOSCORED_UNDERSTAT_FANTRAX_CURRENT,1.63891,0.771636,0.8672740000000001,2026-09-05,1,1.0,654,365,271,10,12,2,15,9,17,1,1,12,5,8,22,7,46,41,21,38,6,50.37278287461774,46.54128440366973,33.48623853211009,42.04892966360856,24.464831804281346,37,34.13789473684211,74.24657534246575,16.666666666666668,60.0,51.21951219512195,5.657492354740061,OBSERVED_OR_TRANSPARENTLY_DERIVED,False
2627,3,soccerdata:sofascore:16363637,2026-09-05,newcastle_united,Newcastle United,afc_bournemouth,AFC Bournemouth,H,H,2,2,0,D,mgr:bdab23b1e545,Matthias Jaissle,4231,True,WHOSCORED_UNDERSTAT_FANTRAX_CURRENT,0.771636,1.63891,-0.8672740000000001,2026-09-05,1,1.0,792,493,398,6,11,2,24,13,9,3,3,5,2,6,15,14,48,41,20,24,8,48.27487373737373,40.814772727272725,42.55050505050505,38.51010101010101,18.939393939393938,35,33.75681818181818,80.73022312373224,18.181818181818183,54.166666666666664,48.78048780487805,4.41919191919192,OBSERVED_OR_TRANSPARENTLY_DERIVED,False
2627,3,soccerdata:sofascore:16363638,2026-09-05,nottingham_forest,Nottingham Forest,tottenham_hotspur,Tottenham Hotspur,H,H,0,0,0,D,mgr:1058459b93f2,Oliver Glasner,3421,True,WHOSCORED_UNDERSTAT_FANTRAX_CURRENT,0.831692,1.48446,-0.6527679999999999,2026-09-05,1,1.0,658,348,255,8,19,1,11,3,12,0,0,28,15,6,30,9,47,31,16,28,3,50.49164133738602,41.27674772036474,44.984802431610944,33.28267477203647,21.732522796352583,24,30.115000000000002,73.27586206896552,5.2631578947368425,27.272727272727273,51.61290322580645,3.6474164133738602,OBSERVED_OR_TRANSPARENTLY_DERIVED,False
2627,3,soccerdata:sofascore:16363638,2026-09-05,tottenham_hotspur,Tottenham Hotspur,nottingham_forest,Nottingham Forest,A,A,0,0,0,D,mgr:b283d24885e5,Roberto De Zerbi,4231,True,WHOSCORED_UNDERSTAT_FANTRAX_CURRENT,1.48446,0.831692,0.6527679999999999,2026-09-05,1,1.0,810,506,413,7,24,6,42,16,11,0,0,14,8,6,26,5,34,31,15,25,10,51.91271604938271,45.828271604938266,33.20987654320987,45.30864197530864,21.48148148148148,43,31.402352941176474,81.6205533596838,25.0,38.095238095238095,48.38709677419355,5.308641975308642,OBSERVED_OR_TRANSPARENTLY_DERIVED,False
