team_id,season_team_id,team_name,team_full_name,team_logo,country,season_label,table_position_raw,performance_rank_raw,risk_raw,stadium_name,founded,source_file
132,131814229,AFC Bournemouth,AFC Bournemouth,https://footballdata.io/img/team/afc-bournemouth.png,England,2026/2027,1,1,0,,1899,"C:\Users\tpemrick\OneDrive - Clarke Mosquito Control Products, Inc\Documents\Fantrax\Website\fantrax_data_v4\data\raw\footballdata_io\coverage_test\teams_2627.json"
57,131814153,Arsenal,Arsenal FC,https://footballdata.io/img/team/arsenal-fc.png,England,2026/2027,2,2,0,,1886,"C:\Users\tpemrick\OneDrive - Clarke Mosquito Control Products, Inc\Documents\Fantrax\Website\fantrax_data_v4\data\raw\footballdata_io\coverage_test\teams_2627.json"
142,131814239,Aston Villa,Aston Villa FC,https://footballdata.io/img/team/aston-villa-fc.png,England,2026/2027,3,3,0,,1874,"C:\Users\tpemrick\OneDrive - Clarke Mosquito Control Products, Inc\Documents\Fantrax\Website\fantrax_data_v4\data\raw\footballdata_io\coverage_test\teams_2627.json"
189,131814286,Brentford,Brentford FC,https://footballdata.io/img/team/brentford-fc.png,England,2026/2027,4,4,0,,1889,"C:\Users\tpemrick\OneDrive - Clarke Mosquito Control Products, Inc\Documents\Fantrax\Website\fantrax_data_v4\data\raw\footballdata_io\coverage_test\teams_2627.json"
180,131814277,Brighton & Hove Albion,Brighton & Hove Albion FC,https://footballdata.io/img/team/brighton-hove-albion-fc.png,England,2026/2027,5,5,0,,1901,"C:\Users\tpemrick\OneDrive - Clarke Mosquito Control Products, Inc\Documents\Fantrax\Website\fantrax_data_v4\data\raw\footballdata_io\coverage_test\teams_2627.json"
136,131814233,Chelsea,Chelsea FC,https://footballdata.io/img/team/chelsea-fc.png,England,2026/2027,6,6,0,,1905,"C:\Users\tpemrick\OneDrive - Clarke Mosquito Control Products, Inc\Documents\Fantrax\Website\fantrax_data_v4\data\raw\footballdata_io\coverage_test\teams_2627.json"
209,131814306,Coventry City,Coventry City FC,https://footballdata.io/img/team/coventry-city-fc.png,England,2026/2027,7,7,0,,1883,"C:\Users\tpemrick\OneDrive - Clarke Mosquito Control Products, Inc\Documents\Fantrax\Website\fantrax_data_v4\data\raw\footballdata_io\coverage_test\teams_2627.json"
127,131814224,Crystal Palace,Crystal Palace FC,https://footballdata.io/img/team/crystal-palace-fc.png,England,2026/2027,8,8,0,,1905,"C:\Users\tpemrick\OneDrive - Clarke Mosquito Control Products, Inc\Documents\Fantrax\Website\fantrax_data_v4\data\raw\footballdata_io\coverage_test\teams_2627.json"
128,131814225,Everton,Everton FC,https://footballdata.io/img/team/everton-fc.png,England,2026/2027,9,9,0,,1878,"C:\Users\tpemrick\OneDrive - Clarke Mosquito Control Products, Inc\Documents\Fantrax\Website\fantrax_data_v4\data\raw\footballdata_io\coverage_test\teams_2627.json"
146,131814243,Fulham,Fulham FC,https://footballdata.io/img/team/fulham-fc.png,England,2026/2027,10,10,0,,1879,"C:\Users\tpemrick\OneDrive - Clarke Mosquito Control Products, Inc\Documents\Fantrax\Website\fantrax_data_v4\data\raw\footballdata_io\coverage_test\teams_2627.json"
134,131814231,Hull City,Hull City AFC,https://footballdata.io/img/team/hull-city-afc.png,England,2026/2027,11,11,0,,1904,"C:\Users\tpemrick\OneDrive - Clarke Mosquito Control Products, Inc\Documents\Fantrax\Website\fantrax_data_v4\data\raw\footballdata_io\coverage_test\teams_2627.json"
191,131814288,Ipswich Town,Ipswich Town FC,https://footballdata.io/img/team/ipswich-town-fc.png,England,2026/2027,12,12,0,,1878,"C:\Users\tpemrick\OneDrive - Clarke Mosquito Control Products, Inc\Documents\Fantrax\Website\fantrax_data_v4\data\raw\footballdata_io\coverage_test\teams_2627.json"
193,131814290,Leeds United,Leeds United FC,https://footballdata.io/img/team/leeds-united-fc.png,England,2026/2027,13,13,0,,1919,"C:\Users\tpemrick\OneDrive - Clarke Mosquito Control Products, Inc\Documents\Fantrax\Website\fantrax_data_v4\data\raw\footballdata_io\coverage_test\teams_2627.json"
135,131814232,Liverpool,Liverpool FC,https://footballdata.io/img/team/liverpool-fc.png,England,2026/2027,14,14,0,,1892,"C:\Users\tpemrick\OneDrive - Clarke Mosquito Control Products, Inc\Documents\Fantrax\Website\fantrax_data_v4\data\raw\footballdata_io\coverage_test\teams_2627.json"
87,131814183,Manchester City,Manchester City FC,https://footballdata.io/img/team/manchester-city-fc.png,England,2026/2027,15,15,0,,1880,"C:\Users\tpemrick\OneDrive - Clarke Mosquito Control Products, Inc\Documents\Fantrax\Website\fantrax_data_v4\data\raw\footballdata_io\coverage_test\teams_2627.json"
133,131814230,Manchester United,Manchester United FC,https://footballdata.io/img/team/manchester-united-fc.png,England,2026/2027,16,16,0,,1878,"C:\Users\tpemrick\OneDrive - Clarke Mosquito Control Products, Inc\Documents\Fantrax\Website\fantrax_data_v4\data\raw\footballdata_io\coverage_test\teams_2627.json"
141,131814238,Newcastle United,Newcastle United FC,https://footballdata.io/img/team/newcastle-united-fc.png,England,2026/2027,17,17,0,,1892,"C:\Users\tpemrick\OneDrive - Clarke Mosquito Control Products, Inc\Documents\Fantrax\Website\fantrax_data_v4\data\raw\footballdata_io\coverage_test\teams_2627.json"
182,131814279,Nottingham Forest,Nottingham Forest FC,https://footballdata.io/img/team/nottingham-forest-fc.png,England,2026/2027,18,18,0,,1865,"C:\Users\tpemrick\OneDrive - Clarke Mosquito Control Products, Inc\Documents\Fantrax\Website\fantrax_data_v4\data\raw\footballdata_io\coverage_test\teams_2627.json"
140,131814237,Sunderland,Sunderland AFC,https://footballdata.io/img/team/sunderland-afc.png,England,2026/2027,19,19,0,,1879,"C:\Users\tpemrick\OneDrive - Clarke Mosquito Control Products, Inc\Documents\Fantrax\Website\fantrax_data_v4\data\raw\footballdata_io\coverage_test\teams_2627.json"
86,131814182,Tottenham Hotspur,Tottenham Hotspur FC,https://footballdata.io/img/team/tottenham-hotspur-fc.png,England,2026/2027,20,20,0,,1882,"C:\Users\tpemrick\OneDrive - Clarke Mosquito Control Products, Inc\Documents\Fantrax\Website\fantrax_data_v4\data\raw\footballdata_io\coverage_test\teams_2627.json"
