canonical_match_id,canonical_player_id,club_id,opponent_id,whoscored_player_id,rating,formation,actual_position_standardized,minutes,started,key_passes,dribbles_attempted,dribbles_successful,aerials_attempted,aerials_won,tackles,interceptions,clearances,recoveries,blocked_passes,crosses,shots,shots_on_target,goals,passes_attempted,passes_completed,feature_class,contains_prediction,understat_match_id,date,fantrax_period,registry_player_id,fantrax_player_id,understat_player_id,xg,xa,understat_minutes,xgi,understat_alignment,fantrax_id_clean,mgr_fantasy_points,avail_fpts,mgr_min,mgr_kp,mgr_tkw,mgr_int,mgr_clr,mgr_cos,mgr_aer,mgr_sot,mgr_ac,fantrax_points,fantrax_alignment
understat:29140,FTX-02LZ0,aston_villa,liverpool,102248,6.55,4231,GK,,True,0,0,0,2,2,0,0,0,1,0,0,0,0,0,48,32,observed_or_derived,False,29140,2026-05-15,37,FTX-02LZ0,02lz0,4401.0,0.0,0.0,90.0,0.0,EXACT_PLAYER_MATCH,02lz0,7.5,7.5,90.0,0.0,0.0,0.0,1.0,0.0,2.0,0.0,,7.5,EXACT_SINGLE_CLUB_MATCH_IN_PERIOD
understat:29140,FTX-05O4B,aston_villa,liverpool,322043,6.52,4231,RB,,True,1,1,0,3,1,2,1,3,3,1,1,1,1,0,47,37,observed_or_derived,False,29140,2026-05-15,37,FTX-05O4B,05o4b,8864.0,0.018321007490158,0.0467437431216239,90.0,0.06506475061178191,EXACT_PLAYER_MATCH,05o4b,3.5,3.5,90.0,1.0,1.0,1.0,3.0,0.0,1.0,0.0,0.0,3.5,EXACT_SINGLE_CLUB_MATCH_IN_PERIOD
understat:29140,FTX-06CRM,aston_villa,liverpool,344259,6.3,4231,CB,,True,0,0,0,1,0,1,0,3,1,1,1,1,1,0,38,34,observed_or_derived,False,29140,2026-05-15,37,FTX-06CRM,06crm,6221.0,0.5017732381820679,0.0,90.0,0.5017732381820679,EXACT_PLAYER_MATCH,06crm,,10.0,,,,,,,,,,10.0,EXACT_SINGLE_CLUB_MATCH_IN_PERIOD
understat:29140,FTX-052CA,aston_villa,liverpool,301440,6.26,4231,CB,,True,0,1,1,1,1,0,0,5,4,0,0,0,0,0,44,42,observed_or_derived,False,29140,2026-05-15,37,FTX-052CA,052ca,7726.0,0.0,0.0,90.0,0.0,EXACT_PLAYER_MATCH,052ca,,3.5,,,,,,,,,,3.5,EXACT_SINGLE_CLUB_MATCH_IN_PERIOD
understat:29140,FTX-04TM0,aston_villa,liverpool,89925,6.91,4231,LB,,True,1,0,0,3,3,1,1,4,2,0,2,1,1,0,39,29,observed_or_derived,False,29140,2026-05-15,37,FTX-04TM0,04tm0,1823.0,0.0438986122608184,0.0355471894145011,90.0,0.0794458016753195,EXACT_PLAYER_MATCH,04tm0,14.5,14.5,90.0,1.0,1.0,1.0,4.0,0.0,3.0,0.0,1.0,14.5,EXACT_SINGLE_CLUB_MATCH_IN_PERIOD
understat:29140,FTX-04YO7,aston_villa,liverpool,136345,6.92,4231,DM,,True,1,2,0,1,1,2,0,1,2,1,0,1,1,0,40,33,observed_or_derived,False,29140,2026-05-15,37,FTX-04YO7,04yo7,5956.0,0.0579647272825241,0.018321007490158,90.0,0.0762857347726821,EXACT_PLAYER_MATCH,04yo7,7.0,7.0,88.0,1.0,2.0,0.0,1.0,0.0,1.0,1.0,0.0,7.0,EXACT_SINGLE_CLUB_MATCH_IN_PERIOD
understat:29140,FTX-04FK8,aston_villa,liverpool,100008,6.44,4231,DM,,True,0,0,0,1,0,0,1,1,0,0,0,0,0,0,17,16,observed_or_derived,False,29140,2026-05-15,37,FTX-04FK8,04fk8,6080.0,0.0,0.0,49.0,0.0,EXACT_PLAYER_MATCH,04fk8,,1.5,,,,,,,,,,1.5,EXACT_SINGLE_CLUB_MATCH_IN_PERIOD
understat:29140,FTX-051K0,aston_villa,liverpool,318449,7.71,4231,RW,,True,0,2,2,1,0,1,0,1,3,0,4,1,1,1,26,20,observed_or_derived,False,29140,2026-05-15,37,FTX-051K0,051k0,7723.0,0.0375660434365272,0.0,90.0,0.0375660434365272,EXACT_PLAYER_MATCH,051k0,12.5,12.5,88.0,0.0,1.0,0.0,1.0,2.0,0.0,1.0,0.0,12.5,EXACT_SINGLE_CLUB_MATCH_IN_PERIOD
understat:29140,FTX-05UHT,aston_villa,liverpool,362824,8.62,4231,CAM,,True,4,1,1,4,0,2,0,2,6,0,3,1,1,1,35,22,observed_or_derived,False,29140,2026-05-15,37,FTX-05UHT,05uht,12412.0,0.0355471894145011,0.908450961112976,90.0,0.943998150527477,EXACT_PLAYER_MATCH,05uht,28.0,28.0,90.0,4.0,1.0,0.0,2.0,1.0,0.0,1.0,0.0,28.0,EXACT_SINGLE_CLUB_MATCH_IN_PERIOD
understat:29140,FTX-051KL,aston_villa,liverpool,260592,7.39,4231,LW,,True,2,2,0,2,1,1,2,2,4,0,0,1,0,0,18,13,observed_or_derived,False,29140,2026-05-15,37,FTX-051KL,051kl,2203.0,0.0467437431216239,0.5631074905395508,88.0,0.6098512336611747,EXACT_PLAYER_MATCH,051kl,7.5,7.5,84.0,2.0,1.0,2.0,2.0,0.0,1.0,0.0,0.0,7.5,EXACT_SINGLE_CLUB_MATCH_IN_PERIOD
understat:29140,FTX-05OCL,aston_villa,liverpool,148503,8.63,4231,ST,,True,1,1,1,2,0,0,0,1,0,0,0,6,5,2,16,13,observed_or_derived,False,29140,2026-05-15,37,FTX-05OCL,05ocl,8865.0,2.162132024765014,0.0375660434365272,90.0,2.1996980682015415,EXACT_PLAYER_MATCH,05ocl,35.5,35.5,90.0,1.0,0.0,0.0,1.0,1.0,0.0,5.0,0.0,35.5,EXACT_SINGLE_CLUB_MATCH_IN_PERIOD
understat:29140,FTX-04SPP,aston_villa,liverpool,337883,5.88,4231,,,False,0,0,0,1,0,0,0,0,0,0,1,0,0,0,3,2,observed_or_derived,False,29140,2026-05-15,37,FTX-04SPP,04spp,6122.0,0.0,0.0,1.0,0.0,EXACT_PLAYER_MATCH,04spp,,0.0,,,,,,,,,,0.0,EXACT_SINGLE_CLUB_MATCH_IN_PERIOD
understat:29140,FTX-052CB,aston_villa,liverpool,384134,6.13,4231,,,False,0,2,1,1,0,0,0,0,0,0,0,0,0,0,0,0,observed_or_derived,False,29140,2026-05-15,37,FTX-052CB,052cb,11807.0,0.0,0.0,2.0,0.0,EXACT_PLAYER_MATCH,052cb,,0.5,,,,,,,,,,0.5,EXACT_SINGLE_CLUB_MATCH_IN_PERIOD
understat:29140,FTX-02LPF,aston_villa,liverpool,92547,6.45,4231,,,False,0,2,1,3,1,1,0,1,3,0,0,1,1,0,23,21,observed_or_derived,False,29140,2026-05-15,37,FTX-02LPF,02lpf,592.0,0.0357872284948825,0.0,41.0,0.0357872284948825,EXACT_PLAYER_MATCH,02lpf,,3.0,,,,,,,,,,3.0,EXACT_SINGLE_CLUB_MATCH_IN_PERIOD
understat:29140,FTX-04GW7,aston_villa,liverpool,346300,6.07,4231,,,False,0,1,1,0,0,0,0,0,0,0,0,0,0,0,5,4,observed_or_derived,False,29140,2026-05-15,37,FTX-04GW7,04gw7,6345.0,0.0,0.0,1.0,0.0,EXACT_PLAYER_MATCH,04gw7,,1.0,,,,,,,,,,1.0,EXACT_SINGLE_CLUB_MATCH_IN_PERIOD
understat:29140,FTX-05UNS,aston_villa,liverpool,327682,,4231,,,False,0,0,0,0,0,0,0,0,0,0,0,0,0,0,0,0,observed_or_derived,False,29140,2026-05-15,37,FTX-05UNS,05uns,5221.0,,,,,UNRESOLVED,05uns,,0.0,,,,,,,,,,0.0,EXACT_SINGLE_CLUB_MATCH_IN_PERIOD
understat:29140,FTX-06YMT,aston_villa,liverpool,83824,,4231,,,False,0,0,0,0,0,0,0,0,0,0,0,0,0,0,0,0,observed_or_derived,False,29140,2026-05-15,37,FTX-06YMT,06ymt,9614.0,,,,,UNRESOLVED,06ymt,,0.0,,,,,,,,,,0.0,EXACT_SINGLE_CLUB_MATCH_IN_PERIOD
understat:29140,FTX-05R4H,aston_villa,liverpool,408946,,4231,,,False,0,0,0,0,0,0,0,0,0,0,0,0,0,0,0,0,observed_or_derived,False,29140,2026-05-15,37,FTX-05R4H,05r4h,10025.0,,,,,UNRESOLVED,05r4h,,0.0,,,,,,,,,,0.0,EXACT_SINGLE_CLUB_MATCH_IN_PERIOD
understat:29140,FTX-06R9V,aston_villa,liverpool,469329,,4231,,,False,0,0,0,0,0,0,0,0,0,0,0,0,0,0,0,0,observed_or_derived,False,29140,2026-05-15,37,FTX-06R9V,06r9v,13392.0,,,,,UNRESOLVED,06r9v,,0.0,,,,,,,,,,0.0,EXACT_SINGLE_CLUB_MATCH_IN_PERIOD
understat:29140,FTX-0410J,aston_villa,liverpool,317506,,4231,,,False,0,0,0,0,0,0,0,0,0,0,0,0,0,0,0,0,observed_or_derived,False,29140,2026-05-15,37,FTX-0410J,0410j,702.0,,,,,UNRESOLVED,0410j,,0.0,,,,,,,,,,0.0,EXACT_SINGLE_CLUB_MATCH_IN_PERIOD
understat:29140,FTX-06XZG,liverpool,aston_villa,401633,6.29,4231,GK,,True,0,0,0,0,0,0,0,0,1,0,0,0,0,0,22,18,observed_or_derived,False,29140,2026-05-15,37,FTX-06XZG,06xzg,9693.0,0.0,0.0,90.0,0.0,EXACT_PLAYER_MATCH,06xzg,,4.0,,,,,,,,,,4.0,EXACT_SINGLE_CLUB_MATCH_IN_PERIOD
understat:29140,FTX-03R93,liverpool,aston_villa,136451,5.84,4231,RB,,True,0,1,0,1,1,0,0,1,2,0,1,2,0,0,39,33,observed_or_derived,False,29140,2026-05-15,37,FTX-03R93,03r93,987.0,0.0557913668453693,0.0,69.0,0.0557913668453693,EXACT_PLAYER_MATCH,03r93,,-0.5,,,,,,,,,,-0.5,EXACT_SINGLE_CLUB_MATCH_IN_PERIOD
understat:29140,FTX-05U7F,liverpool,aston_villa,345957,6.02,4231,CB,,True,0,0,0,5,4,0,0,5,5,0,0,0,0,0,53,48,observed_or_derived,False,29140,2026-05-15,37,FTX-05U7F,05u7f,6326.0,0.0,0.0,90.0,0.0,EXACT_PLAYER_MATCH,05u7f,0.5,0.5,90.0,0.0,0.0,0.0,5.0,0.0,4.0,0.0,0.0,0.5,EXACT_SINGLE_CLUB_MATCH_IN_PERIOD
understat:29140,FTX-03VLJ,liverpool,aston_villa,95408,8.27,4231,CB,,True,0,0,0,7,6,0,3,6,1,1,0,2,2,2,71,57,observed_or_derived,False,29140,2026-05-15,37,FTX-03VLJ,03vlj,833.0,0.5078951120376587,0.0,90.0,0.5078951120376587,EXACT_PLAYER_MATCH,03vlj,31.0,31.0,90.0,0.0,0.0,3.0,6.0,0.0,6.0,2.0,0.0,31.0,EXACT_SINGLE_CLUB_MATCH_IN_PERIOD
understat:29140,FTX-06DO9,liverpool,aston_villa,424273,6.09,4231,LB,,True,1,0,0,1,1,0,1,1,7,0,1,0,0,0,39,33,observed_or_derived,False,29140,2026-05-15,37,FTX-06DO9,06do9,11709.0,0.0,0.0680699273943901,90.0,0.0680699273943901,EXACT_PLAYER_MATCH,06do9,-1.5,-1.5,90.0,1.0,0.0,1.0,1.0,0.0,1.0,0.0,0.0,-1.5,EXACT_SINGLE_CLUB_MATCH_IN_PERIOD
understat:29140,FTX-0522H,liverpool,aston_villa,345319,6.35,4231,DM,,True,2,0,0,2,1,2,1,0,8,2,0,1,0,0,55,48,observed_or_derived,False,29140,2026-05-15,37,FTX-0522H,0522h,8379.0,0.201079711318016,0.027983134612441,90.0,0.229062845930457,EXACT_PLAYER_MATCH,0522h,,8.5,,,,,,,,,,8.5,EXACT_SINGLE_CLUB_MATCH_IN_PERIOD
understat:29140,FTX-06FXE,liverpool,aston_villa,363884,5.76,4231,DM,,True,1,1,1,0,0,1,1,0,2,0,1,1,1,0,25,21,observed_or_derived,False,29140,2026-05-15,37,FTX-06FXE,06fxe,10697.0,0.0214253459125757,0.022784736007452,69.0,0.044210081920027705,EXACT_PLAYER_MATCH,06fxe,6.5,6.5,65.0,1.0,1.0,1.0,0.0,1.0,0.0,1.0,0.0,6.5,EXACT_SINGLE_CLUB_MATCH_IN_PERIOD
understat:29140,FTX-04O82,liverpool,aston_villa,355354,7.18,4231,RW,,True,1,3,2,2,1,3,2,1,5,0,2,2,1,0,69,63,observed_or_derived,False,29140,2026-05-15,37,FTX-04O82,04o82,6665.0,0.0754193216562271,0.0128089813515543,90.0,0.0882283030077814,EXACT_PLAYER_MATCH,04o82,,9.0,,,,,,,,,,9.0,EXACT_SINGLE_CLUB_MATCH_IN_PERIOD
understat:29140,FTX-06CMM,liverpool,aston_villa,369875,7.05,4231,CAM,,True,6,1,0,3,0,1,0,1,1,0,12,1,1,0,49,37,observed_or_derived,False,29140,2026-05-15,37,FTX-06CMM,06cmm,9788.0,0.0128089813515543,0.8046267628669739,90.0,0.8174357442185282,EXACT_PLAYER_MATCH,06cmm,31.0,31.0,90.0,6.0,0.0,0.0,1.0,0.0,0.0,1.0,5.0,31.0,EXACT_SINGLE_CLUB_MATCH_IN_PERIOD
understat:29140,FTX-06R2G,liverpool,aston_villa,548566,7.0,4231,LW,,True,2,8,3,1,0,1,0,0,1,0,3,3,1,0,19,17,observed_or_derived,False,29140,2026-05-15,37,FTX-06R2G,06r2g,13692.0,0.1055579110980033,0.0697972029447555,90.0,0.1753551140427588,EXACT_PLAYER_MATCH,06r2g,9.5,9.5,90.0,2.0,1.0,0.0,0.0,3.0,0.0,0.0,2.0,9.5,EXACT_SINGLE_CLUB_MATCH_IN_PERIOD
understat:29140,FTX-067YV,liverpool,aston_villa,352825,5.86,4231,ST,,True,0,1,0,2,1,0,1,1,0,0,0,2,0,0,7,6,observed_or_derived,False,29140,2026-05-15,37,FTX-067YV,067yv,11296.0,0.4718061983585357,0.0,77.0,0.4718061983585357,EXACT_PLAYER_MATCH,067yv,1.5,1.5,73.0,0.0,0.0,1.0,1.0,0.0,1.0,0.0,0.0,1.5,EXACT_SINGLE_CLUB_MATCH_IN_PERIOD
understat:29140,FTX-03AQP,liverpool,aston_villa,108226,6.05,4231,,,False,0,0,0,0,0,0,0,0,0,0,3,0,0,0,18,13,observed_or_derived,False,29140,2026-05-15,37,FTX-03AQP,03aqp,1250.0,0.0,0.0,13.0,0.0,EXACT_PLAYER_MATCH,03aqp,1.0,1.0,16.0,0.0,0.0,0.0,0.0,0.0,0.0,0.0,1.0,1.0,EXACT_SINGLE_CLUB_MATCH_IN_PERIOD
understat:29140,FTX-06V21,liverpool,aston_villa,394786,5.98,4231,,,False,0,1,0,2,1,1,0,0,1,1,0,1,1,0,12,9,observed_or_derived,False,29140,2026-05-15,37,FTX-06V21,06v21,8397.0,0.0230435151606798,0.0,21.0,0.0230435151606798,EXACT_PLAYER_MATCH,06v21,0.5,0.5,24.0,0.0,0.0,0.0,0.0,0.0,1.0,0.0,0.0,0.5,EXACT_SINGLE_CLUB_MATCH_IN_PERIOD
understat:29140,FTX-06PHW,liverpool,aston_villa,322971,6.05,4231,,,False,0,1,0,0,0,0,0,0,0,1,1,1,1,0,7,4,observed_or_derived,False,29140,2026-05-15,37,FTX-06PHW,06phw,1433.0,0.0872088596224784,0.0,21.0,0.0872088596224784,EXACT_PLAYER_MATCH,06phw,,2.0,,,,,,,,,,2.0,EXACT_SINGLE_CLUB_MATCH_IN_PERIOD
understat:29140,FTX-03M5I,liverpool,aston_villa,136466,,4231,,,False,0,0,0,0,0,0,0,0,0,0,0,0,0,0,0,0,observed_or_derived,False,29140,2026-05-15,37,FTX-03M5I,03m5i,,,,,,UNRESOLVED,03m5i,0.0,0.0,0.0,0.0,0.0,0.0,0.0,0.0,0.0,0.0,,0.0,EXACT_SINGLE_CLUB_MATCH_IN_PERIOD
understat:29140,FTX-06DO3,liverpool,aston_villa,492375,,4231,,,False,0,0,0,0,0,0,0,0,0,0,0,0,0,0,0,0,observed_or_derived,False,29140,2026-05-15,37,FTX-06DO3,06do3,,,,,,UNRESOLVED,06do3,,0.0,,,,,,,,,,0.0,EXACT_SINGLE_CLUB_MATCH_IN_PERIOD
understat:29140,FTX-03GU5,liverpool,aston_villa,115726,,4231,,,False,0,0,0,0,0,0,0,0,0,0,0,0,0,0,0,0,observed_or_derived,False,29140,2026-05-15,37,FTX-03GU5,03gu5,1688.0,,,,,UNRESOLVED,03gu5,,0.0,,,,,,,,,,0.0,EXACT_SINGLE_CLUB_MATCH_IN_PERIOD
understat:29140,FTX-06HZE,liverpool,aston_villa,509423,,4231,,,False,0,0,0,0,0,0,0,0,0,0,0,0,0,0,0,0,observed_or_derived,False,29140,2026-05-15,37,FTX-06HZE,06hze,12203.0,,,,,UNRESOLVED,06hze,,0.0,,,,,,,,,,0.0,EXACT_SINGLE_CLUB_MATCH_IN_PERIOD
understat:29140,FTX-06ZRT,liverpool,aston_villa,545266,,4231,,,False,0,0,0,0,0,0,0,0,0,0,0,0,0,0,0,0,observed_or_derived,False,29140,2026-05-15,37,FTX-06ZRT,06zrt,,,,,,UNRESOLVED,06zrt,,0.0,,,,,,,,,,0.0,EXACT_SINGLE_CLUB_MATCH_IN_PERIOD
understat:29140,FTX-075KD,liverpool,aston_villa,621840,,4231,,,False,0,0,0,0,0,0,0,0,0,0,0,0,0,0,0,0,observed_or_derived,False,29140,2026-05-15,37,FTX-075KD,075kd,,,,,,UNRESOLVED,075kd,,0.0,,,,,,,,,,0.0,EXACT_SINGLE_CLUB_MATCH_IN_PERIOD
understat:29145,FTX-070HL,manchester_united,nottingham_forest,402184,6.36,4231,GK,,True,0,0,0,0,0,0,0,1,3,0,0,0,0,0,25,21,observed_or_derived,False,29145,2026-05-17,37,FTX-070HL,070hl,14056.0,0.0,0.0,90.0,0.0,EXACT_PLAYER_MATCH,070hl,4.5,4.5,90.0,0.0,0.0,0.0,1.0,0.0,0.0,0.0,,4.5,EXACT_SINGLE_CLUB_MATCH_IN_PERIOD
understat:29145,FTX-04QFZ,manchester_united,nottingham_forest,353418,7.3,4231,RB,,True,2,1,0,3,3,4,1,2,8,0,3,1,0,0,42,37,observed_or_derived,False,29145,2026-05-17,37,FTX-04QFZ,04qfz,7281.0,0.1084980368614196,0.1059679761528968,90.0,0.2144660130143164,EXACT_PLAYER_MATCH,04qfz,10.0,10.0,90.0,2.0,1.0,1.0,2.0,0.0,3.0,0.0,2.0,10.0,EXACT_SINGLE_CLUB_MATCH_IN_PERIOD
understat:29145,FTX-062PL,manchester_united,nottingham_forest,340105,7.56,4231,CB,,True,1,1,1,2,1,3,1,9,4,1,1,1,1,0,48,46,observed_or_derived,False,29145,2026-05-17,37,FTX-062PL,062pl,10802.0,0.0595639459788799,0.0280870031565427,90.0,0.0876509491354226,EXACT_PLAYER_MATCH,062pl,,12.0,,,,,,,,,,12.0,EXACT_SINGLE_CLUB_MATCH_IN_PERIOD
understat:29145,FTX-03GU4,manchester_united,nottingham_forest,99487,7.22,4231,CB,,True,0,1,1,6,4,2,1,11,7,0,0,1,1,0,43,37,observed_or_derived,False,29145,2026-05-17,37,FTX-03GU4,03gu4,1687.0,0.0259419176727533,0.0,90.0,0.0259419176727533,EXACT_PLAYER_MATCH,03gu4,11.5,11.5,90.0,0.0,2.0,1.0,11.0,1.0,4.0,0.0,0.0,11.5,EXACT_SINGLE_CLUB_MATCH_IN_PERIOD
understat:29145,FTX-02OQ6,manchester_united,nottingham_forest,118244,7.35,4231,LB,,True,0,0,0,1,1,0,1,7,0,1,3,1,1,1,40,36,observed_or_derived,False,29145,2026-05-17,37,FTX-02OQ6,02oq6,1006.0,0.0622452683746814,0.0,90.0,0.0622452683746814,EXACT_PLAYER_MATCH,02oq6,12.0,12.0,90.0,0.0,0.0,1.0,4.0,0.0,1.0,1.0,0.0,12.0,EXACT_SINGLE_CLUB_MATCH_IN_PERIOD
understat:29145,FTX-0642L,manchester_united,nottingham_forest,88526,6.16,4231,DM,,True,2,0,0,1,1,2,1,1,1,4,1,3,2,0,54,48,observed_or_derived,False,29145,2026-05-17,37,FTX-0642L,0642l,2248.0,0.2090790867805481,0.1726576685905456,82.0,0.3817367553710937,EXACT_PLAYER_MATCH,0642l,3.0,3.0,80.0,2.0,0.0,1.0,0.0,0.0,1.0,0.0,0.0,3.0,EXACT_SINGLE_CLUB_MATCH_IN_PERIOD
understat:29145,FTX-0666P,manchester_united,nottingham_forest,460260,6.92,4231,DM,,True,3,2,0,0,0,0,3,3,6,0,0,0,0,0,55,51,observed_or_derived,False,29145,2026-05-17,37,FTX-0666P,0666p,11174.0,0.0,0.0992445275187492,90.0,0.0992445275187492,EXACT_PLAYER_MATCH,0666p,9.5,9.5,90.0,3.0,0.0,3.0,3.0,0.0,0.0,0.0,0.0,9.5,EXACT_SINGLE_CLUB_MATCH_IN_PERIOD
understat:29145,FTX-05R34,manchester_united,nottingham_forest,386634,6.78,4231,RW,,True,1,5,1,1,1,1,0,0,2,2,0,2,1,0,20,17,observed_or_derived,False,29145,2026-05-17,37,FTX-05R34,05r34,8127.0,0.095211885869503,0.5550768375396729,90.0,0.6502887234091759,EXACT_PLAYER_MATCH,05r34,5.0,5.0,90.0,1.0,0.0,0.0,0.0,1.0,1.0,1.0,0.0,5.0,EXACT_SINGLE_CLUB_MATCH_IN_PERIOD
understat:29145,FTX-05GCR,manchester_united,nottingham_forest,123761,7.7,4231,CAM,,True,8,3,0,0,0,2,0,0,0,2,9,5,3,0,70,52,observed_or_derived,False,29145,2026-05-17,37,FTX-05GCR,05gcr,1228.0,0.2309547960758209,1.308733582496643,90.0,1.539688378572464,EXACT_PLAYER_MATCH,05gcr,34.0,34.0,90.0,8.0,2.0,0.0,0.0,0.0,0.0,1.0,3.0,34.0,EXACT_SINGLE_CLUB_MATCH_IN_PERIOD
understat:29145,FTX-067YZ,manchester_united,nottingham_forest,362758,8.32,4231,LW,,True,4,3,3,0,0,1,0,2,5,0,2,4,4,1,34,29,observed_or_derived,False,29145,2026-05-17,37,FTX-067YZ,067yz,7080.0,0.7601825594902039,0.9689860939979552,81.0,1.7291686534881592,EXACT_PLAYER_MATCH,067yz,25.0,25.0,79.0,4.0,1.0,0.0,2.0,3.0,0.0,1.0,2.0,25.0,EXACT_SINGLE_CLUB_MATCH_IN_PERIOD
understat:29145,FTX-05TRB,manchester_united,nottingham_forest,353377,7.34,4231,ST,,True,0,2,1,2,1,0,0,0,3,1,2,6,3,1,20,16,observed_or_derived,False,29145,2026-05-17,37,FTX-05TRB,05trb,6552.0,2.3186252117156982,0.0,81.0,2.3186252117156982,EXACT_PLAYER_MATCH,05trb,12.0,12.0,79.0,0.0,0.0,0.0,0.0,1.0,1.0,1.0,0.0,12.0,EXACT_SINGLE_CLUB_MATCH_IN_PERIOD
understat:29145,FTX-06RLJ,manchester_united,nottingham_forest,495260,6.33,4231,,,False,0,1,0,0,0,0,1,1,2,0,0,1,1,0,7,5,observed_or_derived,False,29145,2026-05-17,37,FTX-06RLJ,06rlj,11944.0,0.0731089487671852,0.0,9.0,0.0731089487671852,EXACT_PLAYER_MATCH,06rlj,3.5,3.5,10.0,0.0,0.0,1.0,1.0,0.0,0.0,1.0,0.0,3.5,EXACT_SINGLE_CLUB_MATCH_IN_PERIOD
understat:29145,FTX-06MVE,manchester_united,nottingham_forest,383956,6.14,4231,,,False,1,1,0,2,0,0,0,0,2,0,0,3,3,0,7,5,observed_or_derived,False,29145,2026-05-17,37,FTX-06MVE,06mve,8044.0,0.3670269250869751,0.0474503859877586,9.0,0.4144773110747337,EXACT_PLAYER_MATCH,06mve,,5.5,,,,,,,,,,5.5,EXACT_SINGLE_CLUB_MATCH_IN_PERIOD
understat:29145,FTX-052CD,manchester_united,nottingham_forest,343346,6.61,4231,,,False,0,2,2,0,0,1,1,0,3,0,0,1,0,0,5,5,observed_or_derived,False,29145,2026-05-17,37,FTX-052CD,052cd,7768.0,0.0312427058815956,0.0,8.0,0.0312427058815956,EXACT_PLAYER_MATCH,052cd,,4.0,,,,,,,,,,4.0,EXACT_SINGLE_CLUB_MATCH_IN_PERIOD
understat:29145,FTX-06MX0,manchester_united,nottingham_forest,437299,,4231,,,False,0,0,0,0,0,0,0,0,0,0,0,0,0,0,0,0,observed_or_derived,False,29145,2026-05-17,37,FTX-06MX0,06mx0,10564.0,,,,,UNRESOLVED,06mx0,,0.0,,,,,,,,,,0.0,EXACT_SINGLE_CLUB_MATCH_IN_PERIOD
understat:29145,FTX-06P4J,manchester_united,nottingham_forest,349932,,4231,,,False,0,0,0,0,0,0,0,0,0,0,0,0,0,0,0,0,observed_or_derived,False,29145,2026-05-17,37,FTX-06P4J,06p4j,10696.0,,,,,UNRESOLVED,06p4j,,0.0,,,,,,,,,,0.0,EXACT_SINGLE_CLUB_MATCH_IN_PERIOD
understat:29145,FTX-062FT,manchester_united,nottingham_forest,345303,,4231,,,False,0,0,0,0,0,0,0,0,0,0,0,0,0,0,0,0,observed_or_derived,False,29145,2026-05-17,37,FTX-062FT,062ft,10803.0,,,,,UNRESOLVED,062ft,,0.0,,,,,,,,,,0.0,EXACT_SINGLE_CLUB_MATCH_IN_PERIOD
understat:29145,FTX-06FX0,manchester_united,nottingham_forest,361707,,4231,,,False,0,0,0,0,0,0,0,0,0,0,0,0,0,0,0,0,observed_or_derived,False,29145,2026-05-17,37,FTX-06FX0,06fx0,12054.0,,,,,UNRESOLVED,06fx0,,0.0,,,,,,,,,,0.0,EXACT_SINGLE_CLUB_MATCH_IN_PERIOD
understat:29145,FTX-06PIB,manchester_united,nottingham_forest,408962,,4231,,,False,0,0,0,0,0,0,0,0,0,0,0,0,0,0,0,0,observed_or_derived,False,29145,2026-05-17,37,FTX-06PIB,06pib,11766.0,,,,,UNRESOLVED,06pib,,0.0,,,,,,,,,,0.0,EXACT_SINGLE_CLUB_MATCH_IN_PERIOD
understat:29145,FTX-06KQY,manchester_united,nottingham_forest,517341,,4231,,,False,0,0,0,0,0,0,0,0,0,0,0,0,0,0,0,0,observed_or_derived,False,29145,2026-05-17,37,FTX-06KQY,06kqy,13080.0,,,,,UNRESOLVED,06kqy,0.0,0.0,0.0,0.0,0.0,0.0,0.0,0.0,0.0,0.0,0.0,0.0,EXACT_SINGLE_CLUB_MATCH_IN_PERIOD
understat:29145,FTX-04F6H,nottingham_forest,manchester_united,78386,6.76,442,GK,,True,0,0,0,0,0,0,0,0,1,0,0,0,0,0,25,18,observed_or_derived,False,29145,2026-05-17,37,FTX-04F6H,04f6h,6903.0,0.0,0.0,90.0,0.0,EXACT_PLAYER_MATCH,04f6h,6.5,6.5,90.0,0.0,0.0,0.0,1.0,0.0,0.0,0.0,,6.5,EXACT_SINGLE_CLUB_MATCH_IN_PERIOD
understat:29145,FTX-05A6E,nottingham_forest,manchester_united,386969,6.6,442,RB,,True,1,3,0,2,0,3,2,1,7,3,6,0,0,0,62,48,observed_or_derived,False,29145,2026-05-17,37,FTX-05A6E,05a6e,8204.0,0.0,0.0681507512927055,90.0,0.0681507512927055,EXACT_PLAYER_MATCH,05a6e,7.5,7.5,90.0,1.0,3.0,2.0,1.0,0.0,0.0,0.0,1.0,7.5,EXACT_SINGLE_CLUB_MATCH_IN_PERIOD
understat:29145,FTX-06MW0,nottingham_forest,manchester_united,319785,5.37,442,CB,,True,0,1,1,1,1,1,0,1,4,0,0,1,0,0,56,52,observed_or_derived,False,29145,2026-05-17,37,FTX-06MW0,06mw0,6174.0,0.0313980169594287,0.0,90.0,0.0313980169594287,EXACT_PLAYER_MATCH,06mw0,1.5,1.5,90.0,0.0,1.0,0.0,1.0,1.0,1.0,0.0,0.0,1.5,EXACT_SINGLE_CLUB_MATCH_IN_PERIOD
understat:29145,FTX-06PIG,nottingham_forest,manchester_united,376916,7.03,442,CB,,True,0,0,0,1,0,2,1,5,1,1,0,1,1,1,40,34,observed_or_derived,False,29145,2026-05-17,37,FTX-06PIG,06pig,13068.0,0.4836020469665527,0.0,90.0,0.4836020469665527,EXACT_PLAYER_MATCH,06pig,,14.5,,,,,,,,,,14.5,EXACT_SINGLE_CLUB_MATCH_IN_PERIOD
understat:29145,FTX-072ZR,nottingham_forest,manchester_united,394888,5.92,442,LB,,True,0,0,0,4,1,1,0,1,0,0,0,0,0,0,20,17,observed_or_derived,False,29145,2026-05-17,37,FTX-072ZR,072zr,8401.0,0.0,0.0,85.0,0.0,EXACT_PLAYER_MATCH,072zr,,-1.5,,,,,,,,,,-1.5,EXACT_SINGLE_CLUB_MATCH_IN_PERIOD
understat:29145,FTX-05UBV,nottingham_forest,manchester_united,430908,6.51,442,RM,,True,1,4,1,0,0,0,2,0,4,2,1,0,0,0,29,23,observed_or_derived,False,29145,2026-05-17,37,FTX-05UBV,05ubv,10348.0,0.0,0.3156211674213409,71.0,0.3156211674213409,EXACT_PLAYER_MATCH,05ubv,,5.0,,,,,,,,,,5.0,EXACT_SINGLE_CLUB_MATCH_IN_PERIOD
understat:29145,FTX-06FY7,nottingham_forest,manchester_united,334653,6.91,442,CM,,True,1,1,1,0,0,4,0,4,4,0,2,1,0,0,56,53,observed_or_derived,False,29145,2026-05-17,37,FTX-06FY7,06fy7,8252.0,0.1443361341953277,0.0313980169594287,71.0,0.1757341511547564,EXACT_PLAYER_MATCH,06fy7,,8.5,,,,,,,,,,8.5,EXACT_SINGLE_CLUB_MATCH_IN_PERIOD
understat:29145,FTX-05OPJ,nottingham_forest,manchester_united,402596,8.94,442,CM,,True,3,6,3,0,0,3,4,2,9,1,5,0,0,0,86,76,observed_or_derived,False,29145,2026-05-17,37,FTX-05OPJ,05opj,9154.0,0.0,0.721402645111084,90.0,0.721402645111084,EXACT_PLAYER_MATCH,05opj,31.0,31.0,90.0,3.0,2.0,4.0,2.0,3.0,0.0,0.0,4.0,31.0,EXACT_SINGLE_CLUB_MATCH_IN_PERIOD
understat:29145,FTX-04QR9,nottingham_forest,manchester_united,332867,7.5,442,LM,,True,1,9,3,0,0,1,2,0,4,0,2,5,5,1,38,31,observed_or_derived,False,29145,2026-05-17,37,FTX-04QR9,04qr9,6857.0,0.9747206568717957,0.0412635132670402,90.0,1.015984170138836,EXACT_PLAYER_MATCH,04qr9,23.5,23.5,90.0,1.0,1.0,2.0,0.0,3.0,0.0,3.0,0.0,23.5,EXACT_SINGLE_CLUB_MATCH_IN_PERIOD
understat:29145,FTX-06Y9O,nottingham_forest,manchester_united,397497,6.34,442,ST,,True,0,0,0,1,0,1,0,1,2,1,1,1,1,0,23,13,observed_or_derived,False,29145,2026-05-17,37,FTX-06Y9O,06y9o,13778.0,0.0412635132670402,0.0,85.0,0.0412635132670402,EXACT_PLAYER_MATCH,06y9o,,1.5,,,,,,,,,,1.5,EXACT_SINGLE_CLUB_MATCH_IN_PERIOD
understat:29145,FTX-02M5B,nottingham_forest,manchester_united,73380,6.13,442,ST,,True,0,0,0,6,3,0,0,0,2,0,0,1,0,0,20,10,observed_or_derived,False,29145,2026-05-17,37,FTX-02M5B,02m5b,4456.0,0.0681507512927055,0.0,71.0,0.0681507512927055,EXACT_PLAYER_MATCH,02m5b,,1.5,,,,,,,,,,1.5,EXACT_SINGLE_CLUB_MATCH_IN_PERIOD
understat:29145,FTX-06YGM,nottingham_forest,manchester_united,443545,6.33,442,,,False,1,0,0,2,1,1,0,2,0,1,0,0,0,0,6,5,observed_or_derived,False,29145,2026-05-17,37,FTX-06YGM,06ygm,13779.0,0.0,0.0787873566150665,5.0,0.0787873566150665,EXACT_PLAYER_MATCH,06ygm,,4.0,,,,,,,,,,4.0,EXACT_SINGLE_CLUB_MATCH_IN_PERIOD
understat:29145,FTX-070HN,nottingham_forest,manchester_united,402130,6.13,442,,,False,0,1,1,0,0,0,0,0,0,0,4,0,0,0,17,9,observed_or_derived,False,29145,2026-05-17,37,FTX-070HN,070hn,8920.0,0.0,0.0,19.0,0.0,EXACT_PLAYER_MATCH,070hn,,1.0,,,,,,,,,,1.0,EXACT_SINGLE_CLUB_MATCH_IN_PERIOD
understat:29145,FTX-04RZL,nottingham_forest,manchester_united,281049,6.12,442,,,False,1,0,0,1,0,0,0,0,2,0,0,1,0,0,8,8,observed_or_derived,False,29145,2026-05-17,37,FTX-04RZL,04rzl,7814.0,0.1007056608796119,0.1049706563353538,19.0,0.2056763172149657,EXACT_PLAYER_MATCH,04rzl,,1.5,,,,,,,,,,1.5,EXACT_SINGLE_CLUB_MATCH_IN_PERIOD
understat:29145,FTX-05UHS,nottingham_forest,manchester_united,425576,6.32,442,,,False,1,1,0,0,0,2,0,0,2,0,0,0,0,0,11,10,observed_or_derived,False,29145,2026-05-17,37,FTX-05UHS,05uhs,10126.0,0.0,0.1007056608796119,5.0,0.1007056608796119,EXACT_PLAYER_MATCH,05uhs,,3.0,,,,,,,,,,3.0,EXACT_SINGLE_CLUB_MATCH_IN_PERIOD
understat:29145,FTX-06FXU,nottingham_forest,manchester_united,328075,6.61,442,,,False,0,1,1,0,0,1,1,1,4,0,0,0,0,0,17,16,observed_or_derived,False,29145,2026-05-17,37,FTX-06FXU,06fxu,5722.0,0.0,0.0,19.0,0.0,EXACT_PLAYER_MATCH,06fxu,,3.5,,,,,,,,,,3.5,EXACT_SINGLE_CLUB_MATCH_IN_PERIOD
understat:29145,FTX-070GT,nottingham_forest,manchester_united,318689,,442,,,False,0,0,0,0,0,0,0,0,0,0,0,0,0,0,0,0,observed_or_derived,False,29145,2026-05-17,37,FTX-070GT,070gt,14017.0,,,,,UNRESOLVED,070gt,,0.0,,,,,,,,,,0.0,EXACT_SINGLE_CLUB_MATCH_IN_PERIOD
understat:29145,FTX-062CW,nottingham_forest,manchester_united,133569,,442,,,False,0,0,0,0,0,0,0,0,0,0,0,0,0,0,0,0,observed_or_derived,False,29145,2026-05-17,37,FTX-062CW,062cw,8786.0,,,,,UNRESOLVED,062cw,,0.0,,,,,,,,,,0.0,EXACT_SINGLE_CLUB_MATCH_IN_PERIOD
understat:29145,FTX-061Y6,nottingham_forest,manchester_united,342830,,442,,,False,0,0,0,0,0,0,0,0,0,0,0,0,0,0,0,0,observed_or_derived,False,29145,2026-05-17,37,FTX-061Y6,061y6,11003.0,,,,,UNRESOLVED,061y6,,0.0,,,,,,,,,,0.0,EXACT_SINGLE_CLUB_MATCH_IN_PERIOD
understat:29145,FTX-06442,nottingham_forest,manchester_united,454750,,442,,,False,0,0,0,0,0,0,0,0,0,0,0,0,0,0,0,0,observed_or_derived,False,29145,2026-05-17,37,FTX-06442,06442,13306.0,,,,,UNRESOLVED,06442,,0.0,,,,,,,,,,0.0,EXACT_SINGLE_CLUB_MATCH_IN_PERIOD
understat:29144,FTX-03PIF,leeds_united,brighton,70483,8.11,352,GK,,True,0,0,0,0,0,0,0,1,0,0,0,0,0,0,39,19,observed_or_derived,False,29144,2026-05-17,37,FTX-03PIF,03pif,780.0,0.0,0.0,90.0,0.0,EXACT_PLAYER_MATCH,03pif,,23.0,,,,,,,,,,23.0,EXACT_SINGLE_CLUB_MATCH_IN_PERIOD
understat:29144,FTX-06Y28,leeds_united,brighton,364235,6.79,352,CB,,True,0,1,0,5,2,1,0,4,3,0,0,0,0,0,23,20,observed_or_derived,False,29144,2026-05-17,37,FTX-06Y28,06y28,7791.0,0.0,0.0,90.0,0.0,EXACT_PLAYER_MATCH,06y28,,12.0,,,,,,,,,,12.0,EXACT_SINGLE_CLUB_MATCH_IN_PERIOD
understat:29144,FTX-06V51,leeds_united,brighton,360941,7.04,352,CB,,True,0,0,0,2,0,0,0,12,0,1,0,0,0,0,24,16,observed_or_derived,False,29144,2026-05-17,37,FTX-06V51,06v51,6807.0,0.0,0.0,90.0,0.0,EXACT_PLAYER_MATCH,06v51,14.0,14.0,90.0,0.0,0.0,0.0,12.0,0.0,0.0,0.0,0.0,14.0,EXACT_SINGLE_CLUB_MATCH_IN_PERIOD
understat:29144,FTX-03YQZ,leeds_united,brighton,302312,7.09,352,CB,,True,1,1,0,5,3,0,0,7,3,0,2,0,0,0,24,15,observed_or_derived,False,29144,2026-05-17,37,FTX-03YQZ,03yqz,6377.0,0.0,0.0397699177265167,90.0,0.0397699177265167,EXACT_PLAYER_MATCH,03yqz,15.5,15.5,90.0,1.0,0.0,0.0,5.0,0.0,3.0,0.0,0.0,15.5,EXACT_SINGLE_CLUB_MATCH_IN_PERIOD
understat:29144,FTX-03YR0,leeds_united,brighton,302313,6.58,352,RWB,,True,0,0,0,5,4,1,0,3,1,0,5,2,2,0,16,4,observed_or_derived,False,29144,2026-05-17,37,FTX-03YR0,03yr0,5595.0,0.0564197264611721,0.0,61.0,0.0564197264611721,EXACT_PLAYER_MATCH,03yr0,,3.0,,,,,,,,,,3.0,EXACT_SINGLE_CLUB_MATCH_IN_PERIOD
understat:29144,FTX-0521Z,leeds_united,brighton,301441,6.97,352,LWB,,True,0,1,0,4,1,2,2,2,2,0,1,1,1,0,29,16,observed_or_derived,False,29144,2026-05-17,37,FTX-0521Z,0521z,7753.0,0.0393787398934364,0.0,90.0,0.0393787398934364,EXACT_PLAYER_MATCH,0521z,9.5,9.5,90.0,0.0,0.0,2.0,2.0,0.0,1.0,0.0,0.0,9.5,EXACT_SINGLE_CLUB_MATCH_IN_PERIOD
understat:29144,FTX-06ZBX,leeds_united,brighton,401073,6.78,352,CM,,True,1,0,0,5,2,3,0,1,3,1,12,1,0,0,33,14,observed_or_derived,False,29144,2026-05-17,37,FTX-06ZBX,06zbx,9910.0,0.0333076491951942,0.0393787398934364,75.0,0.07268638908863059,EXACT_PLAYER_MATCH,06zbx,7.5,7.5,73.0,1.0,1.0,0.0,1.0,0.0,2.0,0.0,2.0,7.5,EXACT_SINGLE_CLUB_MATCH_IN_PERIOD
understat:29144,FTX-06UZY,leeds_united,brighton,423347,6.63,352,CM,,True,0,2,2,0,0,0,0,1,2,1,2,0,0,0,22,18,observed_or_derived,False,29144,2026-05-17,37,FTX-06UZY,06uzy,13834.0,0.0,0.0,61.0,0.0,EXACT_PLAYER_MATCH,06uzy,,3.5,,,,,,,,,,3.5,EXACT_SINGLE_CLUB_MATCH_IN_PERIOD
understat:29144,FTX-04LAV,leeds_united,brighton,322418,7.33,352,CM,,True,0,1,1,3,1,1,0,3,3,3,1,0,0,0,43,35,observed_or_derived,False,29144,2026-05-17,37,FTX-04LAV,04lav,6369.0,0.0,0.0,90.0,0.0,EXACT_PLAYER_MATCH,04lav,11.0,11.0,90.0,0.0,1.0,0.0,2.0,1.0,1.0,0.0,0.0,11.0,EXACT_SINGLE_CLUB_MATCH_IN_PERIOD
understat:29144,FTX-061VP,leeds_united,brighton,371012,6.42,352,ST,,True,1,2,2,1,0,0,0,0,2,0,0,0,0,0,12,11,observed_or_derived,False,29144,2026-05-17,37,FTX-061VP,061vp,10751.0,0.0,0.0333076491951942,61.0,0.0333076491951942,EXACT_PLAYER_MATCH,061vp,3.0,3.0,59.0,1.0,0.0,0.0,0.0,2.0,0.0,0.0,0.0,3.0,EXACT_SINGLE_CLUB_MATCH_IN_PERIOD
understat:29144,FTX-049TQ,leeds_united,brighton,141469,7.63,352,ST,,True,0,2,2,9,5,0,1,1,1,0,0,1,1,1,18,10,observed_or_derived,False,29144,2026-05-17,37,FTX-049TQ,049tq,5555.0,0.5298856496810913,0.0,90.0,0.5298856496810913,EXACT_PLAYER_MATCH,049tq,15.0,15.0,90.0,0.0,0.0,1.0,1.0,2.0,5.0,1.0,0.0,15.0,EXACT_SINGLE_CLUB_MATCH_IN_PERIOD
understat:29144,FTX-04LNU,leeds_united,brighton,347340,6.45,352,,,False,2,1,1,1,0,0,0,0,3,1,1,0,0,0,8,7,observed_or_derived,False,29144,2026-05-17,37,FTX-04LNU,04lnu,6544.0,0.0,0.088764451444149,29.0,0.088764451444149,EXACT_PLAYER_MATCH,04lnu,,5.0,,,,,,,,,,5.0,EXACT_SINGLE_CLUB_MATCH_IN_PERIOD
understat:29144,FTX-064A0,leeds_united,brighton,439636,6.43,352,,,False,0,0,0,0,0,2,0,2,2,0,0,1,0,0,8,4,observed_or_derived,False,29144,2026-05-17,37,FTX-064A0,064a0,11155.0,0.0324851237237453,0.0,29.0,0.0324851237237453,EXACT_PLAYER_MATCH,064a0,,2.0,,,,,,,,,,2.0,EXACT_SINGLE_CLUB_MATCH_IN_PERIOD
understat:29144,FTX-06V02,leeds_united,brighton,369542,6.09,352,,,False,0,0,0,0,0,0,0,1,1,0,0,1,0,0,1,1,observed_or_derived,False,29144,2026-05-17,37,FTX-06V02,06v02,13835.0,0.0562793314456939,0.0,15.0,0.0562793314456939,EXACT_PLAYER_MATCH,06v02,,0.5,,,,,,,,,,0.5,EXACT_SINGLE_CLUB_MATCH_IN_PERIOD
understat:29144,FTX-03YSD,leeds_united,brighton,118303,6.27,352,,,False,0,0,0,0,0,1,0,2,1,0,0,0,0,0,6,3,observed_or_derived,False,29144,2026-05-17,37,FTX-03YSD,03ysd,902.0,0.0,0.0,1.0,0.0,EXACT_PLAYER_MATCH,03ysd,,1.0,,,,,,,,,,1.0,EXACT_SINGLE_CLUB_MATCH_IN_PERIOD
understat:29144,FTX-04UG0,leeds_united,brighton,342811,6.28,352,,,False,0,0,0,3,1,1,0,0,2,0,0,0,0,0,16,11,observed_or_derived,False,29144,2026-05-17,37,FTX-04UG0,04ug0,7078.0,0.0,0.0,29.0,0.0,EXACT_PLAYER_MATCH,04ug0,1.0,1.0,30.0,0.0,1.0,0.0,0.0,0.0,1.0,0.0,0.0,1.0,EXACT_SINGLE_CLUB_MATCH_IN_PERIOD
understat:29144,FTX-04YM7,leeds_united,brighton,307564,,352,,,False,0,0,0,0,0,0,0,0,0,0,0,0,0,0,0,0,observed_or_derived,False,29144,2026-05-17,37,FTX-04YM7,04ym7,12369.0,,,,,UNRESOLVED,04ym7,,0.0,,,,,,,,,,0.0,EXACT_SINGLE_CLUB_MATCH_IN_PERIOD
understat:29144,FTX-06YXD,leeds_united,brighton,571098,,352,,,False,0,0,0,0,0,0,0,0,0,0,0,0,0,0,0,0,observed_or_derived,False,29144,2026-05-17,37,FTX-06YXD,06yxd,,,,,,UNRESOLVED,06yxd,,0.0,,,,,,,,,,0.0,EXACT_SINGLE_CLUB_MATCH_IN_PERIOD
understat:29144,FTX-075SH,leeds_united,brighton,622195,,352,,,False,0,0,0,0,0,0,0,0,0,0,0,0,0,0,0,0,observed_or_derived,False,29144,2026-05-17,37,FTX-075SH,075sh,,,,,,UNRESOLVED,075sh,,0.0,,,,,,,,,,0.0,EXACT_SINGLE_CLUB_MATCH_IN_PERIOD
understat:29144,FTX-075ZI,leeds_united,brighton,622692,,352,,,False,0,0,0,0,0,0,0,0,0,0,0,0,0,0,0,0,observed_or_derived,False,29144,2026-05-17,37,FTX-075ZI,075zi,,,,,,UNRESOLVED,075zi,,0.0,,,,,,,,,,0.0,EXACT_SINGLE_CLUB_MATCH_IN_PERIOD
understat:29144,FTX-06CMU,brighton,leeds_united,400138,6.31,4231,GK,,True,0,0,0,1,1,0,0,0,1,0,0,0,0,0,38,25,observed_or_derived,False,29144,2026-05-17,37,FTX-06CMU,06cmu,11711.0,0.0,0.0,90.0,0.0,EXACT_PLAYER_MATCH,06cmu,5.5,5.5,90.0,0.0,0.0,0.0,1.0,0.0,1.0,0.0,,5.5,EXACT_SINGLE_CLUB_MATCH_IN_PERIOD
understat:29144,FTX-05MXA,brighton,leeds_united,110290,6.7,4231,RB,,True,0,0,0,2,1,2,0,2,1,0,1,1,1,0,41,36,observed_or_derived,False,29144,2026-05-17,37,FTX-05MXA,05mxa,8780.0,0.1121994629502296,0.0,66.0,0.1121994629502296,EXACT_PLAYER_MATCH,05mxa,,8.0,,,,,,,,,,8.0,EXACT_SINGLE_CLUB_MATCH_IN_PERIOD
understat:29144,FTX-05OH0,brighton,leeds_united,365402,5.87,4231,CB,,True,1,0,0,11,5,0,1,8,0,1,0,1,0,0,98,85,observed_or_derived,False,29144,2026-05-17,37,FTX-05OH0,05oh0,10807.0,0.5645450949668884,0.0271905921399593,90.0,0.5917356871068478,EXACT_PLAYER_MATCH,05oh0,12.0,12.0,90.0,1.0,0.0,1.0,8.0,0.0,5.0,0.0,0.0,12.0,EXACT_SINGLE_CLUB_MATCH_IN_PERIOD
understat:29144,FTX-04E1C,brighton,leeds_united,86441,6.64,4231,CB,,True,1,0,0,4,3,0,1,5,5,0,0,1,0,0,92,83,observed_or_derived,False,29144,2026-05-17,37,FTX-04E1C,04e1c,6048.0,0.0829648673534393,0.0186684690415859,90.0,0.1016333363950252,EXACT_PLAYER_MATCH,04e1c,9.5,9.5,90.0,1.0,0.0,1.0,5.0,0.0,3.0,0.0,0.0,9.5,EXACT_SINGLE_CLUB_MATCH_IN_PERIOD
understat:29144,FTX-06Y9M,brighton,leeds_united,392647,7.07,4231,LB,,True,2,2,1,5,1,0,2,4,6,3,7,1,1,0,73,59,observed_or_derived,False,29144,2026-05-17,37,FTX-06Y9M,06y9m,13711.0,0.1284397095441818,0.1211579665541648,90.0,0.2495976760983466,EXACT_PLAYER_MATCH,06y9m,15.0,15.0,90.0,2.0,0.0,2.0,3.0,1.0,1.0,0.0,6.0,15.0,EXACT_SINGLE_CLUB_MATCH_IN_PERIOD
understat:29144,FTX-06FWI,brighton,leeds_united,436048,6.84,4231,DM,,True,1,1,0,9,6,0,0,4,4,0,0,1,1,0,37,31,observed_or_derived,False,29144,2026-05-17,37,FTX-06FWI,06fwi,10527.0,0.0229910798370838,0.0216683223843574,83.0,0.0446594022214412,EXACT_PLAYER_MATCH,06fwi,,11.0,,,,,,,,,,11.0,EXACT_SINGLE_CLUB_MATCH_IN_PERIOD
understat:29144,FTX-04FK1,brighton,leeds_united,71824,7.08,4231,DM,,True,4,0,0,1,0,1,0,1,3,1,11,2,2,0,79,64,observed_or_derived,False,29144,2026-05-17,37,FTX-04FK1,04fk1,239.0,0.0403367914259433,0.2412590682506561,90.0,0.2815958596765994,EXACT_PLAYER_MATCH,04fk1,16.5,16.5,90.0,4.0,1.0,0.0,1.0,0.0,0.0,2.0,3.0,16.5,EXACT_SINGLE_CLUB_MATCH_IN_PERIOD
understat:29144,FTX-06PHE,brighton,leeds_united,321958,6.83,4231,RW,,True,3,0,0,3,2,0,0,3,1,1,4,1,1,0,40,35,observed_or_derived,False,29144,2026-05-17,37,FTX-06PHE,06phe,13066.0,0.0382286086678504,0.991046905517578,90.0,1.0292755141854284,EXACT_PLAYER_MATCH,06phe,12.5,12.5,90.0,3.0,0.0,0.0,3.0,0.0,2.0,1.0,1.0,12.5,EXACT_SINGLE_CLUB_MATCH_IN_PERIOD
understat:29144,FTX-067YS,brighton,leeds_united,469629,6.66,4231,CAM,,True,2,0,0,0,0,1,0,2,2,0,0,3,1,0,28,24,observed_or_derived,False,29144,2026-05-17,37,FTX-067YS,067ys,11269.0,0.2302721887826919,0.2573701739311218,83.0,0.4876423627138137,EXACT_PLAYER_MATCH,067ys,9.0,9.0,81.0,2.0,1.0,0.0,2.0,0.0,0.0,1.0,0.0,9.0,EXACT_SINGLE_CLUB_MATCH_IN_PERIOD
understat:29144,FTX-06C6G,brighton,leeds_united,484175,7.01,4231,LW,,True,1,3,3,2,0,0,1,2,3,0,11,0,0,0,31,17,observed_or_derived,False,29144,2026-05-17,37,FTX-06C6G,06c6g,12759.0,0.0,0.0966686159372329,90.0,0.0966686159372329,EXACT_PLAYER_MATCH,06c6g,10.0,10.0,88.0,1.0,0.0,1.0,2.0,3.0,0.0,0.0,3.0,10.0,EXACT_SINGLE_CLUB_MATCH_IN_PERIOD
understat:29144,FTX-02LNX,brighton,leeds_united,39308,6.63,4231,ST,,True,0,0,0,2,2,1,0,2,2,0,0,2,2,0,17,15,observed_or_derived,False,29144,2026-05-17,37,FTX-02LNX,02lnx,501.0,0.1671235561370849,0.0,66.0,0.1671235561370849,EXACT_PLAYER_MATCH,02lnx,4.0,4.0,64.0,0.0,0.0,0.0,2.0,0.0,2.0,1.0,0.0,4.0,EXACT_SINGLE_CLUB_MATCH_IN_PERIOD
understat:29144,FTX-0689W,brighton,leeds_united,362433,6.4,4231,,,False,1,3,1,0,0,1,0,0,1,1,0,2,1,0,6,2,observed_or_derived,False,29144,2026-05-17,37,FTX-0689W,0689w,6937.0,0.1537120342254638,0.1254779398441314,24.0,0.2791899740695952,EXACT_PLAYER_MATCH,0689w,,6.0,,,,,,,,,,6.0,EXACT_SINGLE_CLUB_MATCH_IN_PERIOD
understat:29144,FTX-06XZD,brighton,leeds_united,533923,6.55,4231,,,False,1,1,1,3,3,0,0,0,2,0,0,1,1,0,9,7,observed_or_derived,False,29144,2026-05-17,37,FTX-06XZD,06xzd,14118.0,0.0493184216320514,0.1132587864995002,7.0,0.1625772081315516,EXACT_PLAYER_MATCH,06xzd,,6.5,,,,,,,,,,6.5,EXACT_SINGLE_CLUB_MATCH_IN_PERIOD
understat:29144,FTX-06R5B,brighton,leeds_united,446133,5.93,4231,,,False,0,1,0,0,0,0,0,1,2,1,1,3,2,0,18,15,observed_or_derived,False,29144,2026-05-17,37,FTX-06R5B,06r5b,13364.0,0.6422474384307861,0.0,24.0,0.6422474384307861,EXACT_PLAYER_MATCH,06r5b,0.0,0.0,25.0,0.0,0.0,0.0,1.0,0.0,0.0,0.0,0.0,0.0,EXACT_SINGLE_CLUB_MATCH_IN_PERIOD
understat:29144,FTX-068YC,brighton,leeds_united,470690,5.96,4231,,,False,0,0,0,0,0,0,1,0,1,0,1,0,0,0,7,5,observed_or_derived,False,29144,2026-05-17,37,FTX-068YC,068yc,11385.0,0.0,0.0,7.0,0.0,EXACT_PLAYER_MATCH,068yc,,1.0,,,,,,,,,,1.0,EXACT_SINGLE_CLUB_MATCH_IN_PERIOD
understat:29144,FTX-04E1K,brighton,leeds_united,122926,5.86,4231,,,False,0,0,0,0,0,0,0,0,0,0,1,0,0,0,2,1,observed_or_derived,False,29144,2026-05-17,37,FTX-04E1K,04e1k,6049.0,0.0,0.0,1.0,0.0,EXACT_PLAYER_MATCH,04e1k,,-0.5,,,,,,,,,,-0.5,EXACT_SINGLE_CLUB_MATCH_IN_PERIOD
understat:29144,FTX-04QFQ,brighton,leeds_united,342889,,4231,,,False,0,0,0,0,0,0,0,0,0,0,0,0,0,0,0,0,observed_or_derived,False,29144,2026-05-17,37,FTX-04QFQ,04qfq,13206.0,,,,,UNRESOLVED,04qfq,,0.0,,,,,,,,,,0.0,EXACT_SINGLE_CLUB_MATCH_IN_PERIOD
understat:29144,FTX-06Y26,brighton,leeds_united,260809,,4231,,,False,0,0,0,0,0,0,0,0,0,0,0,0,0,0,0,0,observed_or_derived,False,29144,2026-05-17,37,FTX-06Y26,06y26,3645.0,,,,,UNRESOLVED,06y26,,0.0,,,,,,,,,,0.0,EXACT_SINGLE_CLUB_MATCH_IN_PERIOD
understat:29144,FTX-02LV9,brighton,leeds_united,4511,,4231,,,False,0,0,0,0,0,0,0,0,0,0,0,0,0,0,0,0,observed_or_derived,False,29144,2026-05-17,37,FTX-02LV9,02lv9,489.0,,,,,UNRESOLVED,02lv9,,0.0,,,,,,,,,,0.0,EXACT_SINGLE_CLUB_MATCH_IN_PERIOD
understat:29144,FTX-04RHA,brighton,leeds_united,33532,,4231,,,False,0,0,0,0,0,0,0,0,0,0,0,0,0,0,0,0,observed_or_derived,False,29144,2026-05-17,37,FTX-04RHA,04rha,,,,,,UNRESOLVED,04rha,,0.0,,,,,,,,,,0.0,EXACT_SINGLE_CLUB_MATCH_IN_PERIOD
understat:29146,FTX-044EI,newcastle_united,west_ham,105720,7.61,4231,GK,,True,0,0,0,0,0,0,0,0,1,0,0,0,0,0,36,27,observed_or_derived,False,29146,2026-05-17,37,FTX-044EI,044ei,5552.0,0.0,0.0,90.0,0.0,EXACT_PLAYER_MATCH,044ei,16.0,16.0,90.0,0.0,0.0,0.0,0.0,0.0,0.0,0.0,,16.0,EXACT_SINGLE_CLUB_MATCH_IN_PERIOD
understat:29146,FTX-03DX3,newcastle_united,west_ham,83078,6.5,4231,RB,,True,1,0,0,2,1,1,0,2,4,1,4,0,0,0,56,38,observed_or_derived,False,29146,2026-05-17,37,FTX-03DX3,03dx3,652.0,0.0,0.0410021468997001,88.0,0.0410021468997001,EXACT_PLAYER_MATCH,03dx3,,7.0,,,,,,,,,,7.0,EXACT_SINGLE_CLUB_MATCH_IN_PERIOD
understat:29146,FTX-0700P,newcastle_united,west_ham,393355,6.57,4231,CB,,True,0,0,0,4,1,3,2,3,2,0,0,0,0,0,46,42,observed_or_derived,False,29146,2026-05-17,37,FTX-0700P,0700p,8378.0,0.0,0.0,90.0,0.0,EXACT_PLAYER_MATCH,0700p,7.5,7.5,90.0,0.0,2.0,2.0,3.0,0.0,1.0,0.0,0.0,7.5,EXACT_SINGLE_CLUB_MATCH_IN_PERIOD
understat:29146,FTX-062A9,newcastle_united,west_ham,379732,7.47,4231,CB,,True,0,0,0,3,3,2,4,6,1,1,0,1,1,0,52,41,observed_or_derived,False,29146,2026-05-17,37,FTX-062A9,062a9,8635.0,0.0410021468997001,0.0,90.0,0.0410021468997001,EXACT_PLAYER_MATCH,062a9,11.5,11.5,90.0,0.0,1.0,4.0,6.0,0.0,3.0,0.0,0.0,11.5,EXACT_SINGLE_CLUB_MATCH_IN_PERIOD
understat:29146,FTX-05Y9N,newcastle_united,west_ham,430294,6.34,4231,LB,,True,0,3,0,2,0,2,0,1,4,0,3,2,2,0,77,63,observed_or_derived,False,29146,2026-05-17,37,FTX-05Y9N,05y9n,10216.0,0.151826411485672,0.0,90.0,0.151826411485672,EXACT_PLAYER_MATCH,05y9n,2.5,2.5,90.0,0.0,2.0,0.0,1.0,0.0,0.0,1.0,1.0,2.5,EXACT_SINGLE_CLUB_MATCH_IN_PERIOD
understat:29146,FTX-05YLJ,newcastle_united,west_ham,338780,7.53,4231,DM,,True,0,5,2,1,1,5,0,1,6,0,6,2,1,0,74,58,observed_or_derived,False,29146,2026-05-17,37,FTX-05YLJ,05ylj,8327.0,0.1048020347952842,0.0,90.0,0.1048020347952842,EXACT_PLAYER_MATCH,05ylj,8.0,8.0,90.0,0.0,3.0,0.0,1.0,2.0,1.0,1.0,0.0,8.0,EXACT_SINGLE_CLUB_MATCH_IN_PERIOD
understat:29146,FTX-06CMS,newcastle_united,west_ham,343501,6.75,4231,DM,,True,1,0,0,1,1,1,0,0,4,0,2,0,0,0,44,37,observed_or_derived,False,29146,2026-05-17,37,FTX-06CMS,06cms,7958.0,0.0,0.1336790323257446,56.0,0.1336790323257446,EXACT_PLAYER_MATCH,06cms,3.5,3.5,52.0,1.0,1.0,0.0,0.0,0.0,1.0,0.0,0.0,3.5,EXACT_SINGLE_CLUB_MATCH_IN_PERIOD
understat:29146,FTX-04ABN,newcastle_united,west_ham,331382,7.3,4231,RW,,True,2,1,1,0,0,0,0,0,2,0,1,2,2,0,28,22,observed_or_derived,False,29146,2026-05-17,37,FTX-04ABN,04abn,6681.0,0.1798170059919357,0.4861389696598053,78.0,0.665955975651741,EXACT_PLAYER_MATCH,04abn,,13.0,,,,,,,,,,13.0,EXACT_SINGLE_CLUB_MATCH_IN_PERIOD
understat:29146,FTX-070G7,newcastle_united,west_ham,386606,7.29,4231,CAM,,True,3,1,0,1,0,1,1,0,4,0,0,1,1,1,35,29,observed_or_derived,False,29146,2026-05-17,37,FTX-070G7,070g7,8117.0,0.4724017679691314,0.1777721345424652,78.0,0.6501739025115967,EXACT_PLAYER_MATCH,070g7,,16.0,,,,,,,,,,16.0,EXACT_SINGLE_CLUB_MATCH_IN_PERIOD
understat:29146,FTX-051K3,newcastle_united,west_ham,369813,7.73,4231,LW,,True,2,0,0,2,0,5,0,0,7,0,0,0,0,0,56,51,observed_or_derived,False,29146,2026-05-17,37,FTX-051K3,051k3,8941.0,0.0,0.3457411229610443,90.0,0.3457411229610443,EXACT_PLAYER_MATCH,051k3,,14.0,,,,,,,,,,14.0,EXACT_SINGLE_CLUB_MATCH_IN_PERIOD
understat:29146,FTX-05T6X,newcastle_united,west_ham,416209,8.53,4231,ST,,True,0,2,2,4,0,1,0,0,2,1,0,3,3,2,7,6,observed_or_derived,False,29146,2026-05-17,37,FTX-05T6X,05t6x,9556.0,0.9831005930900574,0.0,88.0,0.9831005930900574,EXACT_PLAYER_MATCH,05t6x,,25.0,,,,,,,,,,25.0,EXACT_SINGLE_CLUB_MATCH_IN_PERIOD
understat:29146,FTX-05UOR,newcastle_united,west_ham,296240,6.18,4231,,,False,0,0,0,1,1,1,0,0,0,0,0,0,0,0,1,0,observed_or_derived,False,29146,2026-05-17,37,FTX-05UOR,05uor,5786.0,0.0,0.0,2.0,0.0,EXACT_PLAYER_MATCH,05uor,,1.5,,,,,,,,,,1.5,EXACT_SINGLE_CLUB_MATCH_IN_PERIOD
understat:29146,FTX-05OGB,newcastle_united,west_ham,413211,5.9,4231,,,False,0,0,0,0,0,0,0,0,0,0,0,1,0,0,4,3,observed_or_derived,False,29146,2026-05-17,37,FTX-05OGB,05ogb,9524.0,0.1230290457606315,0.0,2.0,0.1230290457606315,EXACT_PLAYER_MATCH,05ogb,,-1.0,,,,,,,,,,-1.0,EXACT_SINGLE_CLUB_MATCH_IN_PERIOD
understat:29146,FTX-04GE6,newcastle_united,west_ham,342563,6.83,4231,,,False,3,0,0,1,0,0,0,0,0,0,0,1,1,0,16,15,observed_or_derived,False,29146,2026-05-17,37,FTX-04GE6,04ge6,6630.0,0.045690506696701,0.7658361196517944,34.0,0.8115266263484955,EXACT_PLAYER_MATCH,04ge6,,12.0,,,,,,,,,,12.0,EXACT_SINGLE_CLUB_MATCH_IN_PERIOD
understat:29146,FTX-02LSA,newcastle_united,west_ham,82277,6.14,4231,,,False,1,0,0,1,0,1,0,0,0,0,1,0,0,0,18,15,observed_or_derived,False,29146,2026-05-17,37,FTX-02LSA,02lsa,7382.0,0.0,0.045690506696701,12.0,0.045690506696701,EXACT_PLAYER_MATCH,02lsa,2.0,2.0,15.0,1.0,0.0,0.0,0.0,0.0,0.0,0.0,0.0,2.0,EXACT_SINGLE_CLUB_MATCH_IN_PERIOD
understat:29146,FTX-03AM7,newcastle_united,west_ham,141486,6.74,4231,,,False,1,1,1,0,0,1,1,1,1,1,1,2,2,0,9,7,observed_or_derived,False,29146,2026-05-17,37,FTX-03AM7,03am7,6063.0,0.0321863293647766,0.1230290457606315,12.0,0.15521537512540812,EXACT_PLAYER_MATCH,03am7,,8.5,,,,,,,,,,8.5,EXACT_SINGLE_CLUB_MATCH_IN_PERIOD
understat:29146,FTX-06EWY,newcastle_united,west_ham,492690,,4231,,,False,0,0,0,0,0,0,0,0,0,0,0,0,0,0,0,0,observed_or_derived,False,29146,2026-05-17,37,FTX-06EWY,06ewy,12199.0,,,,,UNRESOLVED,06ewy,,0.0,,,,,,,,,,0.0,EXACT_SINGLE_CLUB_MATCH_IN_PERIOD
understat:29146,FTX-04MDN,newcastle_united,west_ham,349669,,4231,,,False,0,0,0,0,0,0,0,0,0,0,0,0,0,0,0,0,observed_or_derived,False,29146,2026-05-17,37,FTX-04MDN,04mdn,8150.0,,,,,UNRESOLVED,04mdn,0.0,0.0,0.0,0.0,0.0,0.0,0.0,0.0,0.0,0.0,0.0,0.0,EXACT_SINGLE_CLUB_MATCH_IN_PERIOD
understat:29146,FTX-06RNN,newcastle_united,west_ham,552461,,4231,,,False,0,0,0,0,0,0,0,0,0,0,0,0,0,0,0,0,observed_or_derived,False,29146,2026-05-17,37,FTX-06RNN,06rnn,,,,,,UNRESOLVED,06rnn,,0.0,,,,,,,,,,0.0,EXACT_SINGLE_CLUB_MATCH_IN_PERIOD
understat:29146,FTX-04AMH,newcastle_united,west_ham,316858,,4231,,,False,0,0,0,0,0,0,0,0,0,0,0,0,0,0,0,0,observed_or_derived,False,29146,2026-05-17,37,FTX-04AMH,04amh,5603.0,,,,,UNRESOLVED,04amh,,0.0,,,,,,,,,,0.0,EXACT_SINGLE_CLUB_MATCH_IN_PERIOD
understat:29146,FTX-06MGA,west_ham,newcastle_united,409426,5.3,3421,GK,,True,1,0,0,0,0,0,0,1,2,0,0,0,0,0,39,22,observed_or_derived,False,29146,2026-05-17,37,FTX-06MGA,06mga,12910.0,0.0,0.0132186729460954,90.0,0.0132186729460954,EXACT_PLAYER_MATCH,06mga,13.5,13.5,90.0,1.0,0.0,0.0,1.0,0.0,0.0,0.0,,13.5,EXACT_SINGLE_CLUB_MATCH_IN_PERIOD
understat:29146,FTX-06EW2,west_ham,newcastle_united,300426,6.17,3421,CB,,True,0,0,0,3,2,1,1,3,5,1,0,0,0,0,45,40,observed_or_derived,False,29146,2026-05-17,37,FTX-06EW2,06ew2,6885.0,0.0,0.0,90.0,0.0,EXACT_PLAYER_MATCH,06ew2,,2.5,,,,,,,,,,2.5,EXACT_SINGLE_CLUB_MATCH_IN_PERIOD
understat:29146,FTX-06ONX,west_ham,newcastle_united,361710,5.69,3421,CB,,True,0,0,0,0,0,0,0,2,1,1,0,0,0,0,9,9,observed_or_derived,False,29146,2026-05-17,37,FTX-06ONX,06onx,6816.0,0.0,0.0,25.0,0.0,EXACT_PLAYER_MATCH,06onx,,-1.0,,,,,,,,,,-1.0,EXACT_SINGLE_CLUB_MATCH_IN_PERIOD
understat:29146,FTX-04ML6,west_ham,newcastle_united,351127,7.0,3421,CB,,True,0,0,0,5,4,3,3,5,6,0,0,1,0,0,52,45,observed_or_derived,False,29146,2026-05-17,37,FTX-04ML6,04ml6,6722.0,0.0177753418684005,0.0,90.0,0.0177753418684005,EXACT_PLAYER_MATCH,04ml6,11.5,11.5,90.0,0.0,3.0,3.0,5.0,0.0,4.0,0.0,0.0,11.5,EXACT_SINGLE_CLUB_MATCH_IN_PERIOD
understat:29146,FTX-04ADP,west_ham,newcastle_united,331924,6.15,3421,RWB,,True,0,1,0,0,0,2,1,1,3,0,2,0,0,0,30,26,observed_or_derived,False,29146,2026-05-17,37,FTX-04ADP,04adp,5584.0,0.0,0.0,66.0,0.0,EXACT_PLAYER_MATCH,04adp,1.0,1.0,62.0,0.0,2.0,1.0,1.0,0.0,0.0,0.0,0.0,1.0,EXACT_SINGLE_CLUB_MATCH_IN_PERIOD
understat:29146,FTX-06YMU,west_ham,newcastle_united,479288,6.69,3421,LWB,,True,3,2,1,0,0,1,1,0,4,0,8,1,1,0,64,50,observed_or_derived,False,29146,2026-05-17,37,FTX-06YMU,06ymu,13723.0,0.0188890434801578,0.2081594467163086,90.0,0.2270484901964664,EXACT_PLAYER_MATCH,06ymu,8.0,8.0,90.0,3.0,0.0,1.0,0.0,1.0,0.0,1.0,4.0,8.0,EXACT_SINGLE_CLUB_MATCH_IN_PERIOD
understat:29146,FTX-05GCP,west_ham,newcastle_united,143595,6.23,3421,CM,,True,1,2,1,1,0,4,0,1,2,0,1,0,0,0,33,27,observed_or_derived,False,29146,2026-05-17,37,FTX-05GCP,05gcp,8288.0,0.0,0.05894735455513,66.0,0.05894735455513,EXACT_PLAYER_MATCH,05gcp,2.0,2.0,62.0,1.0,1.0,0.0,1.0,1.0,0.0,0.0,0.0,2.0,EXACT_SINGLE_CLUB_MATCH_IN_PERIOD
understat:29146,FTX-06PE1,west_ham,newcastle_united,447231,6.51,3421,CM,,True,1,0,0,0,0,1,1,3,6,2,0,2,2,0,72,66,observed_or_derived,False,29146,2026-05-17,37,FTX-06PE1,06pe1,12948.0,0.0948624983429908,0.0994449257850647,90.0,0.19430742412805552,EXACT_PLAYER_MATCH,06pe1,8.0,8.0,90.0,1.0,1.0,1.0,3.0,0.0,0.0,1.0,0.0,8.0,EXACT_SINGLE_CLUB_MATCH_IN_PERIOD
understat:29146,FTX-05RL4,west_ham,newcastle_united,382564,7.24,3421,CAM,,True,1,14,6,1,0,1,1,0,6,1,1,1,1,0,34,29,observed_or_derived,False,29146,2026-05-17,37,FTX-05RL4,05rl4,9492.0,0.082445852458477,0.3225933313369751,90.0,0.4050391837954521,EXACT_PLAYER_MATCH,05rl4,9.5,9.5,90.0,1.0,1.0,1.0,0.0,6.0,0.0,0.0,1.0,9.5,EXACT_SINGLE_CLUB_MATCH_IN_PERIOD
understat:29146,FTX-046C5,west_ham,newcastle_united,322596,6.22,3421,CAM,,True,0,2,0,2,2,2,0,1,7,2,4,1,1,0,30,23,observed_or_derived,False,29146,2026-05-17,37,FTX-046C5,046c5,1776.0,0.0524581260979175,0.0,90.0,0.0524581260979175,EXACT_PLAYER_MATCH,046c5,2.5,2.5,90.0,0.0,1.0,0.0,1.0,0.0,2.0,1.0,0.0,2.5,EXACT_SINGLE_CLUB_MATCH_IN_PERIOD
understat:29146,FTX-03R8X,west_ham,newcastle_united,134115,6.15,3421,ST,,True,0,4,0,4,2,1,0,0,0,0,0,1,1,0,14,11,observed_or_derived,False,29146,2026-05-17,37,FTX-03R8X,03r8x,468.0,0.0753284618258476,0.0,90.0,0.0753284618258476,EXACT_PLAYER_MATCH,03r8x,,3.5,,,,,,,,,,3.5,EXACT_SINGLE_CLUB_MATCH_IN_PERIOD
understat:29146,FTX-072JF,west_ham,newcastle_united,361406,8.1,3421,,,False,0,0,0,5,5,1,1,0,3,1,0,8,6,1,15,7,observed_or_derived,False,29146,2026-05-17,37,FTX-072JF,072jf,10948.0,0.6228502988815308,0.0,65.0,0.6228502988815308,EXACT_PLAYER_MATCH,072jf,,20.5,,,,,,,,,,20.5,EXACT_SINGLE_CLUB_MATCH_IN_PERIOD
understat:29146,FTX-06PEZ,west_ham,newcastle_united,511560,5.95,3421,,,False,0,0,0,0,0,0,0,0,0,0,0,0,0,0,6,5,observed_or_derived,False,29146,2026-05-17,37,FTX-06PEZ,06pez,14219.0,0.0,0.0,24.0,0.0,EXACT_PLAYER_MATCH,06pez,,-1.0,,,,,,,,,,-1.0,EXACT_SINGLE_CLUB_MATCH_IN_PERIOD
understat:29146,FTX-072J8,west_ham,newcastle_united,409654,5.66,3421,,,False,1,0,0,2,0,3,0,2,1,2,1,0,0,0,8,7,observed_or_derived,False,29146,2026-05-17,37,FTX-072J8,072j8,14290.0,0.0,0.0147900274023413,24.0,0.0147900274023413,EXACT_PLAYER_MATCH,072j8,,6.0,,,,,,,,,,6.0,EXACT_SINGLE_CLUB_MATCH_IN_PERIOD
understat:29146,FTX-05OEF,west_ham,newcastle_united,92516,,3421,,,False,0,0,0,0,0,0,0,0,0,0,0,0,0,0,0,0,observed_or_derived,False,29146,2026-05-17,37,FTX-05OEF,05oef,2310.0,,,,,UNRESOLVED,05oef,,0.0,,,,,,,,,,0.0,EXACT_SINGLE_CLUB_MATCH_IN_PERIOD
understat:29146,FTX-070G9,west_ham,newcastle_united,443815,,3421,,,False,0,0,0,0,0,0,0,0,0,0,0,0,0,0,0,0,observed_or_derived,False,29146,2026-05-17,37,FTX-070G9,070g9,10770.0,,,,,UNRESOLVED,070g9,,0.0,,,,,,,,,,0.0,EXACT_SINGLE_CLUB_MATCH_IN_PERIOD
understat:29146,FTX-06635,west_ham,newcastle_united,459708,,3421,,,False,0,0,0,0,0,0,0,0,0,0,0,0,0,0,0,0,observed_or_derived,False,29146,2026-05-17,37,FTX-06635,06635,12358.0,,,,,UNRESOLVED,06635,,0.0,,,,,,,,,,0.0,EXACT_SINGLE_CLUB_MATCH_IN_PERIOD
understat:29146,FTX-04YEY,west_ham,newcastle_united,368310,,3421,,,False,0,0,0,0,0,0,0,0,0,0,0,0,0,0,0,0,observed_or_derived,False,29146,2026-05-17,37,FTX-04YEY,04yey,7332.0,,,,,UNRESOLVED,04yey,,0.0,,,,,,,,,,0.0,EXACT_SINGLE_CLUB_MATCH_IN_PERIOD
understat:29146,FTX-03ZSQ,west_ham,newcastle_united,313672,,3421,,,False,0,0,0,0,0,0,0,0,0,0,0,0,0,0,0,0,observed_or_derived,False,29146,2026-05-17,37,FTX-03ZSQ,03zsq,885.0,,,,,UNRESOLVED,03zsq,,0.0,,,,,,,,,,0.0,EXACT_SINGLE_CLUB_MATCH_IN_PERIOD
understat:29146,FTX-05Y5B,west_ham,newcastle_united,429534,,3421,,,False,0,0,0,0,0,0,0,0,0,0,0,0,0,0,0,0,observed_or_derived,False,29146,2026-05-17,37,FTX-05Y5B,05y5b,13724.0,,,,,UNRESOLVED,05y5b,,0.0,,,,,,,,,,0.0,EXACT_SINGLE_CLUB_MATCH_IN_PERIOD
understat:29142,FTX-04YME,chelsea,tottenham_hotspur,362151,6.3,4231,GK,,True,0,0,0,0,0,0,0,0,0,0,0,0,0,0,45,26,observed_or_derived,False,29142,2026-05-19,37,FTX-04YME,04yme,9098.0,0.0,0.0,90.0,0.0,EXACT_PLAYER_MATCH,04yme,4.0,4.0,90.0,0.0,0.0,0.0,0.0,0.0,0.0,0.0,,4.0,EXACT_SINGLE_CLUB_MATCH_IN_PERIOD
understat:29142,FTX-06KWP,chelsea,tottenham_hotspur,518604,6.56,4231,RB,,True,0,1,1,1,1,1,1,1,3,1,0,0,0,0,24,20,observed_or_derived,False,29142,2026-05-19,37,FTX-06KWP,06kwp,12535.0,0.0,0.0,75.0,0.0,EXACT_PLAYER_MATCH,06kwp,,3.5,,,,,,,,,,3.5,EXACT_SINGLE_CLUB_MATCH_IN_PERIOD
understat:29142,FTX-05OPL,chelsea,tottenham_hotspur,373946,7.02,4231,CB,,True,0,0,0,4,3,0,6,4,5,0,0,0,0,0,59,55,observed_or_derived,False,29142,2026-05-19,37,FTX-05OPL,05opl,7589.0,0.0,0.0,82.0,0.0,EXACT_PLAYER_MATCH,05opl,,11.0,,,,,,,,,,11.0,EXACT_SINGLE_CLUB_MATCH_IN_PERIOD
understat:29142,FTX-06ZQQ,chelsea,tottenham_hotspur,467715,6.66,4231,CB,,True,1,0,0,4,1,1,3,1,4,1,0,0,0,0,68,64,observed_or_derived,False,29142,2026-05-19,37,FTX-06ZQQ,06zqq,13776.0,0.0,0.0395187027752399,90.0,0.0395187027752399,EXACT_PLAYER_MATCH,06zqq,,6.5,,,,,,,,,,6.5,EXACT_SINGLE_CLUB_MATCH_IN_PERIOD
understat:29142,FTX-05W9I,chelsea,tottenham_hotspur,363496,6.3,4231,LB,,True,0,1,0,2,0,3,1,2,1,2,4,0,0,0,40,26,observed_or_derived,False,29142,2026-05-19,37,FTX-05W9I,05w9i,7134.0,0.0,0.0,90.0,0.0,EXACT_PLAYER_MATCH,05w9i,1.5,1.5,90.0,0.0,2.0,1.0,1.0,0.0,0.0,0.0,0.0,1.5,EXACT_SINGLE_CLUB_MATCH_IN_PERIOD
understat:29142,FTX-068A0,chelsea,tottenham_hotspur,451236,7.7,4231,DM,,True,0,1,0,0,0,5,1,1,3,1,1,1,1,1,38,38,observed_or_derived,False,29142,2026-05-19,37,FTX-068A0,068a0,11808.0,0.6097752451896667,0.0,90.0,0.6097752451896667,EXACT_PLAYER_MATCH,068a0,,17.0,,,,,,,,,,17.0,EXACT_SINGLE_CLUB_MATCH_IN_PERIOD
understat:29142,FTX-05RB8,chelsea,tottenham_hotspur,410175,6.68,4231,DM,,True,1,2,1,1,1,0,1,1,6,1,1,0,0,0,56,50,observed_or_derived,False,29142,2026-05-19,37,FTX-05RB8,05rb8,9453.0,0.0,0.1158269420266151,90.0,0.1158269420266151,EXACT_PLAYER_MATCH,05rb8,4.0,4.0,90.0,1.0,0.0,1.0,0.0,1.0,1.0,0.0,0.0,4.0,EXACT_SINGLE_CLUB_MATCH_IN_PERIOD
understat:29142,FTX-056IY,chelsea,tottenham_hotspur,337916,7.2,4231,RW,,True,1,3,2,1,1,3,0,0,2,1,4,2,2,0,22,18,observed_or_derived,False,29142,2026-05-19,37,FTX-056IY,056iy,6382.0,0.1626581102609634,0.0164222475141286,90.0,0.17908035777509201,EXACT_PLAYER_MATCH,056iy,14.0,14.0,88.0,1.0,1.0,0.0,0.0,2.0,1.0,1.0,1.0,14.0,EXACT_SINGLE_CLUB_MATCH_IN_PERIOD
understat:29142,FTX-05L8Q,chelsea,tottenham_hotspur,395692,6.55,4231,CAM,,True,1,2,0,1,0,1,0,0,4,2,0,3,2,0,25,23,observed_or_derived,False,29142,2026-05-19,37,FTX-05L8Q,05l8q,8497.0,0.1930542141199112,0.0775572285056114,90.0,0.2706114426255226,EXACT_PLAYER_MATCH,05l8q,4.0,4.0,88.0,1.0,1.0,0.0,0.0,0.0,0.0,1.0,0.0,4.0,EXACT_SINGLE_CLUB_MATCH_IN_PERIOD
understat:29142,FTX-068YM,chelsea,tottenham_hotspur,369430,8.55,4231,LW,,True,2,3,1,0,0,1,1,0,7,2,3,2,1,1,52,36,observed_or_derived,False,29142,2026-05-19,37,FTX-068YM,068ym,11356.0,0.0495747216045856,0.6718441843986511,90.0,0.7214189060032368,EXACT_PLAYER_MATCH,068ym,24.0,24.0,90.0,2.0,1.0,1.0,0.0,1.0,0.0,1.0,0.0,24.0,EXACT_SINGLE_CLUB_MATCH_IN_PERIOD
understat:29142,FTX-05OIG,chelsea,tottenham_hotspur,401254,6.24,4231,ST,,True,0,0,0,4,2,1,0,0,1,0,0,1,0,0,17,13,observed_or_derived,False,29142,2026-05-19,37,FTX-05OIG,05oig,8868.0,0.0775572285056114,0.0,90.0,0.0775572285056114,EXACT_PLAYER_MATCH,05oig,,-1.5,,,,,,,,,,-1.5,EXACT_SINGLE_CLUB_MATCH_IN_PERIOD
understat:29142,FTX-060WH,chelsea,tottenham_hotspur,437022,6.1,4231,,,False,0,0,0,0,0,1,0,0,1,0,0,0,0,0,3,2,observed_or_derived,False,29142,2026-05-19,37,FTX-060WH,060wh,10552.0,0.0,0.0,1.0,0.0,EXACT_PLAYER_MATCH,060wh,,0.5,,,,,,,,,,0.5,EXACT_SINGLE_CLUB_MATCH_IN_PERIOD
understat:29142,FTX-06UZU,chelsea,tottenham_hotspur,467913,6.0,4231,,,False,0,0,0,1,1,0,0,0,0,0,0,0,0,0,4,2,observed_or_derived,False,29142,2026-05-19,37,FTX-06UZU,06uzu,11253.0,0.0,0.0,8.0,0.0,EXACT_PLAYER_MATCH,06uzu,,1.0,,,,,,,,,,1.0,EXACT_SINGLE_CLUB_MATCH_IN_PERIOD
understat:29142,FTX-06UZV,chelsea,tottenham_hotspur,411914,6.04,4231,,,False,0,0,0,0,0,2,0,0,1,0,0,0,0,0,2,2,observed_or_derived,False,29142,2026-05-19,37,FTX-06UZV,06uzv,,,,,,UNRESOLVED,06uzv,,-1.5,,,,,,,,,,-1.5,EXACT_SINGLE_CLUB_MATCH_IN_PERIOD
understat:29142,FTX-04MUP,chelsea,tottenham_hotspur,353292,6.0,4231,,,False,0,0,0,0,0,0,0,2,0,0,0,0,0,0,8,6,observed_or_derived,False,29142,2026-05-19,37,FTX-04MUP,04mup,6615.0,0.0,0.0,15.0,0.0,EXACT_PLAYER_MATCH,04mup,1.0,1.0,16.0,0.0,0.0,0.0,2.0,0.0,0.0,0.0,0.0,1.0,EXACT_SINGLE_CLUB_MATCH_IN_PERIOD
understat:29142,FTX-06QGN,chelsea,tottenham_hotspur,544167,5.99,4231,,,False,0,0,0,1,0,0,0,1,0,0,0,0,0,0,2,1,observed_or_derived,False,29142,2026-05-19,37,FTX-06QGN,06qgn,,,,,,UNRESOLVED,06qgn,,0.5,,,,,,,,,,0.5,EXACT_SINGLE_CLUB_MATCH_IN_PERIOD
understat:29142,FTX-06NV3,chelsea,tottenham_hotspur,404749,,4231,,,False,0,0,0,0,0,0,0,0,0,0,0,0,0,0,0,0,observed_or_derived,False,29142,2026-05-19,37,FTX-06NV3,06nv3,9272.0,,,,,UNRESOLVED,06nv3,,0.0,,,,,,,,,,0.0,EXACT_SINGLE_CLUB_MATCH_IN_PERIOD
understat:29142,FTX-051K7,chelsea,tottenham_hotspur,361330,,4231,,,False,0,0,0,0,0,0,0,0,0,0,0,0,0,0,0,0,observed_or_derived,False,29142,2026-05-19,37,FTX-051K7,051k7,8067.0,,,,,UNRESOLVED,051k7,0.0,0.0,0.0,0.0,0.0,0.0,0.0,0.0,0.0,0.0,0.0,0.0,EXACT_SINGLE_CLUB_MATCH_IN_PERIOD
understat:29142,FTX-072B6,chelsea,tottenham_hotspur,594469,,4231,,,False,0,0,0,0,0,0,0,0,0,0,0,0,0,0,0,0,observed_or_derived,False,29142,2026-05-19,37,FTX-072B6,072b6,,,,,,UNRESOLVED,072b6,,0.0,,,,,,,,,,0.0,EXACT_SINGLE_CLUB_MATCH_IN_PERIOD
understat:29142,FTX-0738B,chelsea,tottenham_hotspur,609224,,4231,,,False,0,0,0,0,0,0,0,0,0,0,0,0,0,0,0,0,observed_or_derived,False,29142,2026-05-19,37,FTX-0738B,0738b,,,,,,UNRESOLVED,0738b,,0.0,,,,,,,,,,0.0,EXACT_SINGLE_CLUB_MATCH_IN_PERIOD
understat:29142,FTX-06R6S,tottenham_hotspur,chelsea,457006,6.27,4231,GK,,True,0,0,0,0,0,0,0,0,0,0,0,0,0,0,32,26,observed_or_derived,False,29142,2026-05-19,37,FTX-06R6S,06r6s,,,,,,UNRESOLVED,06r6s,,4.0,,,,,,,,,,4.0,EXACT_SINGLE_CLUB_MATCH_IN_PERIOD
understat:29142,FTX-05N07,tottenham_hotspur,chelsea,362352,6.72,4231,RB,,True,3,2,1,0,0,1,0,3,2,0,5,0,0,0,68,59,observed_or_derived,False,29142,2026-05-19,37,FTX-05N07,05n07,6912.0,0.0,0.4269384145736694,90.0,0.4269384145736694,EXACT_PLAYER_MATCH,05n07,6.5,6.5,90.0,3.0,1.0,0.0,1.0,1.0,0.0,0.0,2.0,6.5,EXACT_SINGLE_CLUB_MATCH_IN_PERIOD
understat:29142,FTX-057CR,tottenham_hotspur,chelsea,330816,6.86,4231,CB,,True,0,1,1,2,1,1,6,4,2,2,0,0,0,0,75,68,observed_or_derived,False,29142,2026-05-19,37,FTX-057CR,057cr,5261.0,0.0,0.0,90.0,0.0,EXACT_PLAYER_MATCH,057cr,,7.5,,,,,,,,,,7.5,EXACT_SINGLE_CLUB_MATCH_IN_PERIOD
understat:29142,FTX-06EZB,tottenham_hotspur,chelsea,425229,6.07,4231,CB,,True,0,1,0,1,0,1,1,1,6,2,0,0,0,0,78,77,observed_or_derived,False,29142,2026-05-19,37,FTX-06EZB,06ezb,10050.0,0.0,0.0,90.0,0.0,EXACT_PLAYER_MATCH,06ezb,-0.5,-0.5,90.0,0.0,1.0,1.0,1.0,0.0,0.0,0.0,0.0,-0.5,EXACT_SINGLE_CLUB_MATCH_IN_PERIOD
understat:29142,FTX-063Y7,tottenham_hotspur,chelsea,401044,5.85,4231,LB,,True,0,1,0,0,0,3,0,1,5,0,3,0,0,0,32,24,observed_or_derived,False,29142,2026-05-19,37,FTX-063Y7,063y7,8831.0,0.0,0.0,70.0,0.0,EXACT_PLAYER_MATCH,063y7,,-2.5,,,,,,,,,,-2.5,EXACT_SINGLE_CLUB_MATCH_IN_PERIOD
understat:29142,FTX-062DT,tottenham_hotspur,chelsea,322774,6.26,4231,DM,,True,0,0,0,2,1,2,1,2,7,0,0,0,0,0,47,45,observed_or_derived,False,29142,2026-05-19,37,FTX-062DT,062dt,10715.0,0.0,0.0,70.0,0.0,EXACT_PLAYER_MATCH,062dt,4.0,4.0,67.0,0.0,2.0,1.0,2.0,0.0,1.0,0.0,0.0,4.0,EXACT_SINGLE_CLUB_MATCH_IN_PERIOD
understat:29142,FTX-05YLW,tottenham_hotspur,chelsea,303657,6.55,4231,DM,,True,0,5,4,1,0,2,1,0,5,1,0,0,0,0,74,68,observed_or_derived,False,29142,2026-05-19,37,FTX-05YLW,05ylw,6108.0,0.0,0.0,90.0,0.0,EXACT_PLAYER_MATCH,05ylw,6.5,6.5,90.0,0.0,2.0,1.0,0.0,4.0,0.0,0.0,0.0,6.5,EXACT_SINGLE_CLUB_MATCH_IN_PERIOD
understat:29142,FTX-070HP,tottenham_hotspur,chelsea,333542,5.42,4231,RW,,True,0,3,3,2,2,0,0,0,1,0,4,0,0,0,21,9,observed_or_derived,False,29142,2026-05-19,37,FTX-070HP,070hp,5743.0,0.0,0.0,70.0,0.0,EXACT_PLAYER_MATCH,070hp,,3.5,,,,,,,,,,3.5,EXACT_SINGLE_CLUB_MATCH_IN_PERIOD
understat:29142,FTX-051K8,tottenham_hotspur,chelsea,375621,6.86,4231,CAM,,True,1,2,1,1,1,2,2,1,5,1,0,1,1,0,52,51,observed_or_derived,False,29142,2026-05-19,37,FTX-051K8,051k8,9040.0,0.2535037100315094,0.0288473665714263,90.0,0.2823510766029357,EXACT_PLAYER_MATCH,051k8,7.5,7.5,90.0,1.0,1.0,2.0,1.0,1.0,1.0,1.0,0.0,7.5,EXACT_SINGLE_CLUB_MATCH_IN_PERIOD
understat:29142,FTX-06RM8,tottenham_hotspur,chelsea,422885,6.45,4231,LW,,True,1,3,1,3,1,0,0,2,2,0,3,2,0,0,39,27,observed_or_derived,False,29142,2026-05-19,37,FTX-06RM8,06rm8,9780.0,0.2774008512496948,0.2724771499633789,90.0,0.5498780012130737,EXACT_PLAYER_MATCH,06rm8,5.0,5.0,90.0,1.0,0.0,0.0,2.0,1.0,1.0,0.0,1.0,5.0,EXACT_SINGLE_CLUB_MATCH_IN_PERIOD
understat:29142,FTX-04IO4,tottenham_hotspur,chelsea,317804,7.72,4231,ST,,True,1,2,1,8,4,2,0,2,3,1,0,3,2,1,17,9,observed_or_derived,False,29142,2026-05-19,37,FTX-04IO4,04io4,6026.0,1.0401995182037354,0.4873922765254974,90.0,1.5275917947292328,EXACT_PLAYER_MATCH,04io4,20.0,20.0,90.0,1.0,1.0,0.0,2.0,1.0,4.0,2.0,0.0,20.0,EXACT_SINGLE_CLUB_MATCH_IN_PERIOD
understat:29142,FTX-05W7T,tottenham_hotspur,chelsea,403859,6.55,4231,,,False,2,0,0,0,0,0,0,0,1,0,1,1,0,0,9,8,observed_or_derived,False,29142,2026-05-19,37,FTX-05W7T,05w7t,9021.0,0.1218717768788337,0.964712917804718,20.0,1.0865846946835518,EXACT_PLAYER_MATCH,05w7t,,10.5,,,,,,,,,,10.5,EXACT_SINGLE_CLUB_MATCH_IN_PERIOD
understat:29142,FTX-062TS,tottenham_hotspur,chelsea,362219,6.37,4231,,,False,0,3,2,0,0,0,0,0,1,0,1,0,0,0,16,10,observed_or_derived,False,29142,2026-05-19,37,FTX-062TS,062ts,10764.0,0.0,0.0,20.0,0.0,EXACT_PLAYER_MATCH,062ts,,1.5,,,,,,,,,,1.5,EXACT_SINGLE_CLUB_MATCH_IN_PERIOD
understat:29142,FTX-0414O,tottenham_hotspur,chelsea,137015,6.14,4231,,,False,0,0,0,0,0,0,0,0,2,0,1,2,1,0,24,23,observed_or_derived,False,29142,2026-05-19,37,FTX-0414O,0414o,,,,,,UNRESOLVED,0414o,,0.0,,,,,,,,,,0.0,EXACT_SINGLE_CLUB_MATCH_IN_PERIOD
understat:29142,FTX-06CMB,tottenham_hotspur,chelsea,147863,,4231,,,False,0,0,0,0,0,0,0,0,0,0,0,0,0,0,0,0,observed_or_derived,False,29142,2026-05-19,37,FTX-06CMB,06cmb,8858.0,,,,,UNRESOLVED,06cmb,,0.0,,,,,,,,,,0.0,EXACT_SINGLE_CLUB_MATCH_IN_PERIOD
understat:29142,FTX-04SFT,tottenham_hotspur,chelsea,303096,,4231,,,False,0,0,0,0,0,0,0,0,0,0,0,0,0,0,0,0,observed_or_derived,False,29142,2026-05-19,37,FTX-04SFT,04sft,5609.0,,,,,UNRESOLVED,04sft,,0.0,,,,,,,,,,0.0,EXACT_SINGLE_CLUB_MATCH_IN_PERIOD
understat:29142,FTX-06IME,tottenham_hotspur,chelsea,400097,,4231,,,False,0,0,0,0,0,0,0,0,0,0,0,0,0,0,0,0,observed_or_derived,False,29142,2026-05-19,37,FTX-06IME,06ime,9105.0,,,,,UNRESOLVED,06ime,,0.0,,,,,,,,,,0.0,EXACT_SINGLE_CLUB_MATCH_IN_PERIOD
understat:29142,FTX-06MN7,tottenham_hotspur,chelsea,505295,,4231,,,False,0,0,0,0,0,0,0,0,0,0,0,0,0,0,0,0,observed_or_derived,False,29142,2026-05-19,37,FTX-06MN7,06mn7,12912.0,,,,,UNRESOLVED,06mn7,,0.0,,,,,,,,,,0.0,EXACT_SINGLE_CLUB_MATCH_IN_PERIOD
understat:29142,FTX-05Y7C,tottenham_hotspur,chelsea,429922,,4231,,,False,0,0,0,0,0,0,0,0,0,0,0,0,0,0,0,0,observed_or_derived,False,29142,2026-05-19,37,FTX-05Y7C,05y7c,10184.0,,,,,UNRESOLVED,05y7c,,0.0,,,,,,,,,,0.0,EXACT_SINGLE_CLUB_MATCH_IN_PERIOD
understat:29142,FTX-072PY,tottenham_hotspur,chelsea,549079,,4231,,,False,0,0,0,0,0,0,0,0,0,0,0,0,0,0,0,0,observed_or_derived,False,29142,2026-05-19,37,FTX-072PY,072py,14410.0,,,,,UNRESOLVED,072py,,0.0,,,,,,,,,,0.0,EXACT_SINGLE_CLUB_MATCH_IN_PERIOD
understat:29148,FTX-06CMU,brighton,manchester_united,400138,6.67,4231,GK,,True,0,0,0,0,0,0,0,1,3,0,0,0,0,0,43,38,observed_or_derived,False,29148,2026-05-24,38,FTX-06CMU,06cmu,11711.0,0.0,0.0,90.0,0.0,EXACT_PLAYER_MATCH,06cmu,6.5,6.5,90.0,0.0,0.0,0.0,1.0,0.0,0.0,0.0,,6.5,EXACT_SINGLE_CLUB_MATCH_IN_PERIOD
understat:29148,FTX-06MPP,brighton,manchester_united,445059,5.97,4231,RB,,True,0,0,0,4,3,2,0,0,2,1,1,0,0,0,47,36,observed_or_derived,False,29148,2026-05-24,38,FTX-06MPP,06mpp,12758.0,0.0,0.0,90.0,0.0,EXACT_PLAYER_MATCH,06mpp,4.5,4.5,90.0,0.0,2.0,0.0,0.0,0.0,3.0,0.0,0.0,4.5,EXACT_SINGLE_CLUB_MATCH_IN_PERIOD
understat:29148,FTX-05OH0,brighton,manchester_united,365402,6.29,4231,CB,,True,0,0,0,4,4,1,2,4,2,2,2,0,0,0,73,63,observed_or_derived,False,29148,2026-05-24,38,FTX-05OH0,05oh0,10807.0,0.0,0.0,90.0,0.0,EXACT_PLAYER_MATCH,05oh0,4.5,4.5,90.0,0.0,1.0,2.0,4.0,0.0,4.0,0.0,0.0,4.5,EXACT_SINGLE_CLUB_MATCH_IN_PERIOD
understat:29148,FTX-04E1C,brighton,manchester_united,86441,5.93,4231,CB,,True,0,0,0,0,0,2,0,3,5,0,0,0,0,0,81,80,observed_or_derived,False,29148,2026-05-24,38,FTX-04E1C,04e1c,6048.0,0.0,0.0,90.0,0.0,EXACT_PLAYER_MATCH,04e1c,-2.0,-2.0,90.0,0.0,1.0,0.0,3.0,0.0,0.0,0.0,0.0,-2.0,EXACT_SINGLE_CLUB_MATCH_IN_PERIOD
understat:29148,FTX-06PHE,brighton,manchester_united,321958,5.81,4231,LB,,True,0,0,0,0,0,1,1,2,3,0,0,1,0,0,51,45,observed_or_derived,False,29148,2026-05-24,38,FTX-06PHE,06phe,13066.0,0.0261389855295419,0.0,90.0,0.0261389855295419,EXACT_PLAYER_MATCH,06phe,-1.5,-1.5,90.0,0.0,1.0,1.0,2.0,0.0,0.0,0.0,0.0,-1.5,EXACT_SINGLE_CLUB_MATCH_IN_PERIOD
understat:29148,FTX-04FK1,brighton,manchester_united,71824,5.79,4231,DM,,True,0,0,0,1,0,0,1,1,5,3,2,2,2,0,60,49,observed_or_derived,False,29148,2026-05-24,38,FTX-04FK1,04fk1,239.0,0.1597704291343689,0.0,90.0,0.1597704291343689,EXACT_PLAYER_MATCH,04fk1,2.5,2.5,90.0,0.0,0.0,1.0,1.0,0.0,0.0,1.0,0.0,2.5,EXACT_SINGLE_CLUB_MATCH_IN_PERIOD
understat:29148,FTX-02LV9,brighton,manchester_united,4511,5.71,4231,DM,,True,0,0,0,0,0,1,0,2,2,0,1,0,0,0,45,41,observed_or_derived,False,29148,2026-05-24,38,FTX-02LV9,02lv9,489.0,0.0,0.0,62.0,0.0,EXACT_PLAYER_MATCH,02lv9,,0.5,,,,,,,,,,0.5,EXACT_SINGLE_CLUB_MATCH_IN_PERIOD
understat:29148,FTX-06R5B,brighton,manchester_united,446133,6.34,4231,RW,,True,0,2,1,3,3,1,2,0,6,2,0,3,0,0,21,13,observed_or_derived,False,29148,2026-05-24,38,FTX-06R5B,06r5b,13364.0,0.182086780667305,0.0,62.0,0.182086780667305,EXACT_PLAYER_MATCH,06r5b,4.5,4.5,58.0,0.0,1.0,2.0,0.0,1.0,3.0,0.0,0.0,4.5,EXACT_SINGLE_CLUB_MATCH_IN_PERIOD
understat:29148,FTX-067YS,brighton,manchester_united,469629,5.82,4231,CAM,,True,1,0,0,0,0,1,0,0,2,0,0,0,0,0,14,10,observed_or_derived,False,29148,2026-05-24,38,FTX-067YS,067ys,11269.0,0.0,0.0234256219118833,77.0,0.0234256219118833,EXACT_PLAYER_MATCH,067ys,3.0,3.0,73.0,1.0,1.0,0.0,0.0,0.0,0.0,0.0,0.0,3.0,EXACT_SINGLE_CLUB_MATCH_IN_PERIOD
understat:29148,FTX-06Y9M,brighton,manchester_united,392647,6.38,4231,LW,,True,3,0,0,0,0,1,0,0,0,0,5,1,0,0,19,15,observed_or_derived,False,29148,2026-05-24,38,FTX-06Y9M,06y9m,13711.0,0.0234256219118833,0.151222363114357,49.0,0.1746479850262403,EXACT_PLAYER_MATCH,06y9m,7.0,7.0,45.0,3.0,0.0,0.0,0.0,0.0,0.0,0.0,3.0,7.0,EXACT_SINGLE_CLUB_MATCH_IN_PERIOD
understat:29148,FTX-02LNX,brighton,manchester_united,39308,5.65,4231,ST,,True,0,1,0,1,0,0,0,0,1,0,0,0,0,0,9,8,observed_or_derived,False,29148,2026-05-24,38,FTX-02LNX,02lnx,501.0,0.0,0.0,62.0,0.0,EXACT_PLAYER_MATCH,02lnx,-0.5,-0.5,58.0,0.0,0.0,0.0,0.0,0.0,0.0,0.0,0.0,-0.5,EXACT_SINGLE_CLUB_MATCH_IN_PERIOD
understat:29148,FTX-06FWI,brighton,manchester_united,436048,6.62,4231,,,False,2,2,0,1,1,2,1,0,6,0,0,1,1,0,19,15,observed_or_derived,False,29148,2026-05-24,38,FTX-06FWI,06fwi,10527.0,0.0302694179117679,0.1131801828742027,28.0,0.1434496007859706,EXACT_PLAYER_MATCH,06fwi,,6.0,,,,,,,,,,6.0,EXACT_SINGLE_CLUB_MATCH_IN_PERIOD
understat:29148,FTX-0689W,brighton,manchester_united,362433,6.04,4231,,,False,0,1,0,0,0,0,1,0,1,0,0,1,1,0,5,4,observed_or_derived,False,29148,2026-05-24,38,FTX-0689W,0689w,6937.0,0.0870681479573249,0.0,13.0,0.0870681479573249,EXACT_PLAYER_MATCH,0689w,,1.0,,,,,,,,,,1.0,EXACT_SINGLE_CLUB_MATCH_IN_PERIOD
understat:29148,FTX-06C6G,brighton,manchester_united,484175,6.25,4231,,,False,1,2,0,1,0,3,0,0,0,1,6,0,0,0,16,9,observed_or_derived,False,29148,2026-05-24,38,FTX-06C6G,06c6g,12759.0,0.0,0.0541494078934192,41.0,0.0541494078934192,EXACT_PLAYER_MATCH,06c6g,5.0,5.0,45.0,1.0,2.0,0.0,0.0,0.0,0.0,0.0,1.0,5.0,EXACT_SINGLE_CLUB_MATCH_IN_PERIOD
understat:29148,FTX-06XZD,brighton,manchester_united,533923,6.39,4231,,,False,2,2,1,2,2,0,0,0,1,0,1,3,2,0,10,7,observed_or_derived,False,29148,2026-05-24,38,FTX-06XZD,06xzd,14118.0,0.1371427178382873,0.1435640007257461,28.0,0.2807067185640334,EXACT_PLAYER_MATCH,06xzd,,6.0,,,,,,,,,,6.0,EXACT_SINGLE_CLUB_MATCH_IN_PERIOD
understat:29148,FTX-04E1K,brighton,manchester_united,122926,6.38,4231,,,False,0,0,0,0,0,2,0,0,3,0,3,1,1,0,13,8,observed_or_derived,False,29148,2026-05-24,38,FTX-04E1K,04e1k,6049.0,0.0564958602190017,0.0,28.0,0.0564958602190017,EXACT_PLAYER_MATCH,04e1k,,3.5,,,,,,,,,,3.5,EXACT_SINGLE_CLUB_MATCH_IN_PERIOD
understat:29148,FTX-04QFQ,brighton,manchester_united,342889,,4231,,,False,0,0,0,0,0,0,0,0,0,0,0,0,0,0,0,0,observed_or_derived,False,29148,2026-05-24,38,FTX-04QFQ,04qfq,13206.0,,,,,UNRESOLVED,04qfq,,0.0,,,,,,,,,,0.0,EXACT_SINGLE_CLUB_MATCH_IN_PERIOD
understat:29148,FTX-06Y26,brighton,manchester_united,260809,,4231,,,False,0,0,0,0,0,0,0,0,0,0,0,0,0,0,0,0,observed_or_derived,False,29148,2026-05-24,38,FTX-06Y26,06y26,3645.0,,,,,UNRESOLVED,06y26,,0.0,,,,,,,,,,0.0,EXACT_SINGLE_CLUB_MATCH_IN_PERIOD
understat:29148,FTX-05MXA,brighton,manchester_united,110290,,4231,,,False,0,0,0,0,0,0,0,0,0,0,0,0,0,0,0,0,observed_or_derived,False,29148,2026-05-24,38,FTX-05MXA,05mxa,8780.0,,,,,UNRESOLVED,05mxa,,0.0,,,,,,,,,,0.0,EXACT_SINGLE_CLUB_MATCH_IN_PERIOD
understat:29148,FTX-04RHA,brighton,manchester_united,33532,,4231,,,False,0,0,0,0,0,0,0,0,0,0,0,0,0,0,0,0,observed_or_derived,False,29148,2026-05-24,38,FTX-04RHA,04rha,,,,,,UNRESOLVED,04rha,,0.0,,,,,,,,,,0.0,EXACT_SINGLE_CLUB_MATCH_IN_PERIOD
understat:29148,FTX-070HL,manchester_united,brighton,402184,7.02,4231,GK,,True,0,0,0,0,0,0,0,0,0,0,0,0,0,0,32,16,observed_or_derived,False,29148,2026-05-24,38,FTX-070HL,070hl,14056.0,0.0,0.0,90.0,0.0,EXACT_PLAYER_MATCH,070hl,12.0,12.0,90.0,0.0,0.0,0.0,0.0,0.0,0.0,0.0,,12.0,EXACT_SINGLE_CLUB_MATCH_IN_PERIOD
understat:29148,FTX-06P4J,manchester_united,brighton,349932,7.07,4231,RB,,True,1,2,1,0,0,1,1,4,4,0,2,0,0,0,43,36,observed_or_derived,False,29148,2026-05-24,38,FTX-06P4J,06p4j,10696.0,0.0,0.0906530395150184,77.0,0.0906530395150184,EXACT_PLAYER_MATCH,06p4j,,11.0,,,,,,,,,,11.0,EXACT_SINGLE_CLUB_MATCH_IN_PERIOD
understat:29148,FTX-062PL,manchester_united,brighton,340105,6.76,4231,CB,,True,0,0,0,2,0,1,0,3,3,1,0,0,0,0,49,43,observed_or_derived,False,29148,2026-05-24,38,FTX-062PL,062pl,10802.0,0.0,0.0,90.0,0.0,EXACT_PLAYER_MATCH,062pl,,8.5,,,,,,,,,,8.5,EXACT_SINGLE_CLUB_MATCH_IN_PERIOD
understat:29148,FTX-03GU4,manchester_united,brighton,99487,7.12,4231,CB,,True,1,0,0,2,1,1,1,4,2,0,1,0,0,0,53,45,observed_or_derived,False,29148,2026-05-24,38,FTX-03GU4,03gu4,1687.0,0.0,0.1160401478409767,90.0,0.1160401478409767,EXACT_PLAYER_MATCH,03gu4,14.0,14.0,90.0,1.0,1.0,1.0,4.0,0.0,1.0,0.0,0.0,14.0,EXACT_SINGLE_CLUB_MATCH_IN_PERIOD
understat:29148,FTX-02OQ6,manchester_united,brighton,118244,7.34,4231,LB,,True,0,1,1,3,0,2,3,1,2,1,0,1,0,0,33,31,observed_or_derived,False,29148,2026-05-24,38,FTX-02OQ6,02oq6,1006.0,0.0347510427236557,0.0,85.0,0.0347510427236557,EXACT_PLAYER_MATCH,02oq6,12.0,12.0,81.0,0.0,2.0,3.0,1.0,1.0,0.0,0.0,0.0,12.0,EXACT_SINGLE_CLUB_MATCH_IN_PERIOD
understat:29148,FTX-0666P,manchester_united,brighton,460260,7.34,4231,DM,,True,1,5,3,1,1,2,0,1,3,2,0,2,1,0,58,45,observed_or_derived,False,29148,2026-05-24,38,FTX-0666P,0666p,11174.0,0.1371714025735855,0.0347510427236557,90.0,0.1719224452972412,EXACT_PLAYER_MATCH,0666p,7.0,7.0,90.0,1.0,2.0,0.0,1.0,3.0,1.0,0.0,0.0,7.0,EXACT_SINGLE_CLUB_MATCH_IN_PERIOD
understat:29148,FTX-052CD,manchester_united,brighton,343346,7.14,4231,DM,,True,0,2,0,0,0,4,1,1,7,0,3,0,0,0,47,38,observed_or_derived,False,29148,2026-05-24,38,FTX-052CD,052cd,7768.0,0.0,0.0,77.0,0.0,EXACT_PLAYER_MATCH,052cd,4.0,4.0,73.0,0.0,2.0,1.0,1.0,0.0,0.0,0.0,0.0,4.0,EXACT_SINGLE_CLUB_MATCH_IN_PERIOD
understat:29148,FTX-05R34,manchester_united,brighton,386634,7.99,4231,RW,,True,1,2,1,0,0,1,2,0,7,1,0,2,2,0,35,31,observed_or_derived,False,29148,2026-05-24,38,FTX-05R34,05r34,8127.0,0.1363801658153534,0.9168793559074402,90.0,1.0532595217227936,EXACT_PLAYER_MATCH,05r34,16.5,16.5,90.0,1.0,1.0,2.0,0.0,1.0,0.0,2.0,0.0,16.5,EXACT_SINGLE_CLUB_MATCH_IN_PERIOD
understat:29148,FTX-05GCR,manchester_united,brighton,123761,8.59,4231,CAM,,True,4,0,0,1,0,2,1,0,6,0,4,1,1,1,58,48,observed_or_derived,False,29148,2026-05-24,38,FTX-05GCR,05gcr,1228.0,0.2835951149463653,0.5152405500411987,90.0,0.7988356649875641,EXACT_PLAYER_MATCH,05gcr,29.0,29.0,90.0,4.0,1.0,1.0,0.0,0.0,0.0,1.0,1.0,29.0,EXACT_SINGLE_CLUB_MATCH_IN_PERIOD
understat:29148,FTX-06RLJ,manchester_united,brighton,495260,8.34,4231,LW,,True,2,3,0,5,2,1,0,0,1,0,1,3,3,1,19,14,observed_or_derived,False,29148,2026-05-24,38,FTX-06RLJ,06rlj,11944.0,0.7968979477882385,0.3293222486972809,65.0,1.1262201964855194,EXACT_PLAYER_MATCH,06rlj,35.0,35.0,61.0,2.0,0.0,0.0,0.0,0.0,2.0,3.0,0.0,35.0,EXACT_SINGLE_CLUB_MATCH_IN_PERIOD
understat:29148,FTX-05TRB,manchester_united,brighton,353377,7.7,4231,ST,,True,1,2,1,2,0,0,0,0,3,0,1,1,1,1,14,10,observed_or_derived,False,29148,2026-05-24,38,FTX-05TRB,05trb,6552.0,0.9168793559074402,0.325790137052536,77.0,1.2426694929599762,EXACT_PLAYER_MATCH,05trb,13.5,13.5,73.0,1.0,0.0,0.0,0.0,1.0,0.0,1.0,0.0,13.5,EXACT_SINGLE_CLUB_MATCH_IN_PERIOD
understat:29148,FTX-06MX0,manchester_united,brighton,437299,6.39,4231,,,False,0,0,0,0,0,1,1,1,0,1,0,0,0,0,3,3,observed_or_derived,False,29148,2026-05-24,38,FTX-06MX0,06mx0,10564.0,0.0,0.0,13.0,0.0,EXACT_PLAYER_MATCH,06mx0,,3.5,,,,,,,,,,3.5,EXACT_SINGLE_CLUB_MATCH_IN_PERIOD
understat:29148,FTX-062FT,manchester_united,brighton,345303,6.22,4231,,,False,0,0,0,1,0,2,0,0,1,0,0,0,0,0,8,8,observed_or_derived,False,29148,2026-05-24,38,FTX-062FT,062ft,10803.0,0.0,0.0,5.0,0.0,EXACT_PLAYER_MATCH,062ft,,0.5,,,,,,,,,,0.5,EXACT_SINGLE_CLUB_MATCH_IN_PERIOD
understat:29148,FTX-06MVE,manchester_united,brighton,383956,5.9,4231,,,False,0,0,0,0,0,0,0,0,0,0,0,0,0,0,4,3,observed_or_derived,False,29148,2026-05-24,38,FTX-06MVE,06mve,8044.0,0.0,0.0,13.0,0.0,EXACT_PLAYER_MATCH,06mve,,-0.5,,,,,,,,,,-0.5,EXACT_SINGLE_CLUB_MATCH_IN_PERIOD
understat:29148,FTX-06V0C,manchester_united,brighton,563779,6.0,4231,,,False,0,2,0,0,0,0,0,0,2,0,0,1,0,0,8,6,observed_or_derived,False,29148,2026-05-24,38,FTX-06V0C,06v0c,14198.0,0.0230014696717262,0.0,25.0,0.0230014696717262,EXACT_PLAYER_MATCH,06v0c,,0.0,,,,,,,,,,0.0,EXACT_SINGLE_CLUB_MATCH_IN_PERIOD
understat:29148,FTX-06V0A,manchester_united,brighton,563778,6.06,4231,,,False,0,0,0,0,0,0,0,0,2,0,0,0,0,0,12,11,observed_or_derived,False,29148,2026-05-24,38,FTX-06V0A,06v0a,14272.0,0.0,0.0,13.0,0.0,EXACT_PLAYER_MATCH,06v0a,,0.0,,,,,,,,,,0.0,EXACT_SINGLE_CLUB_MATCH_IN_PERIOD
understat:29148,FTX-067YZ,manchester_united,brighton,362758,,4231,,,False,0,0,0,0,0,0,0,0,0,0,0,0,0,0,0,0,observed_or_derived,False,29148,2026-05-24,38,FTX-067YZ,067yz,7080.0,,,,,UNRESOLVED,067yz,0.0,0.0,0.0,0.0,0.0,0.0,0.0,0.0,0.0,0.0,0.0,0.0,EXACT_SINGLE_CLUB_MATCH_IN_PERIOD
understat:29148,FTX-06FX0,manchester_united,brighton,361707,,4231,,,False,0,0,0,0,0,0,0,0,0,0,0,0,0,0,0,0,observed_or_derived,False,29148,2026-05-24,38,FTX-06FX0,06fx0,12054.0,,,,,UNRESOLVED,06fx0,,0.0,,,,,,,,,,0.0,EXACT_SINGLE_CLUB_MATCH_IN_PERIOD
understat:29148,FTX-06PIB,manchester_united,brighton,408962,,4231,,,False,0,0,0,0,0,0,0,0,0,0,0,0,0,0,0,0,observed_or_derived,False,29148,2026-05-24,38,FTX-06PIB,06pib,11766.0,,,,,UNRESOLVED,06pib,,0.0,,,,,,,,,,0.0,EXACT_SINGLE_CLUB_MATCH_IN_PERIOD
understat:29148,FTX-06KQY,manchester_united,brighton,517341,,4231,,,False,0,0,0,0,0,0,0,0,0,0,0,0,0,0,0,0,observed_or_derived,False,29148,2026-05-24,38,FTX-06KQY,06kqy,13080.0,,,,,UNRESOLVED,06kqy,0.0,0.0,0.0,0.0,0.0,0.0,0.0,0.0,0.0,0.0,0.0,0.0,EXACT_SINGLE_CLUB_MATCH_IN_PERIOD
understat:29153,FTX-05OZ3,manchester_city,aston_villa,404852,6.1,4222,GK,,True,0,0,0,0,0,0,0,0,0,0,0,0,0,0,13,12,observed_or_derived,False,29153,2026-05-24,38,FTX-05OZ3,05oz3,9077.0,0.0,0.0,90.0,0.0,EXACT_PLAYER_MATCH,05oz3,4.0,4.0,90.0,0.0,0.0,0.0,0.0,0.0,0.0,0.0,,4.0,EXACT_SINGLE_CLUB_MATCH_IN_PERIOD
understat:29153,FTX-062X7,manchester_city,aston_villa,444791,5.66,4222,RB,,True,1,0,0,0,0,0,0,0,5,0,0,1,1,0,58,45,observed_or_derived,False,29153,2026-05-24,38,FTX-062X7,062x7,10847.0,0.0627947300672531,0.059998907148838,90.0,0.1227936372160911,EXACT_PLAYER_MATCH,062x7,,-3.5,,,,,,,,,,-3.5,EXACT_SINGLE_CLUB_MATCH_IN_PERIOD
understat:29153,FTX-05OMU,manchester_city,aston_villa,313171,6.08,4222,CB,,True,1,0,0,0,0,0,1,2,3,0,0,0,0,0,64,59,observed_or_derived,False,29153,2026-05-24,38,FTX-05OMU,05omu,8961.0,0.0,0.0131941903382539,90.0,0.0131941903382539,EXACT_PLAYER_MATCH,05omu,2.0,2.0,90.0,1.0,0.0,1.0,2.0,0.0,0.0,0.0,0.0,2.0,EXACT_SINGLE_CLUB_MATCH_IN_PERIOD
understat:29153,FTX-02YL5,manchester_city,aston_villa,101374,5.71,4222,CB,,True,0,0,0,3,2,1,1,7,2,1,0,0,0,0,35,34,observed_or_derived,False,29153,2026-05-24,38,FTX-02YL5,02yl5,586.0,0.0,0.0,81.0,0.0,EXACT_PLAYER_MATCH,02yl5,,6.5,,,,,,,,,,6.5,EXACT_SINGLE_CLUB_MATCH_IN_PERIOD
understat:29153,FTX-02Y6O,manchester_city,aston_villa,122945,6.16,4222,LB,,True,0,1,0,2,1,0,0,1,3,1,1,1,1,0,38,34,observed_or_derived,False,29153,2026-05-24,38,FTX-02Y6O,02y6o,579.0,0.1108696013689041,0.0,80.0,0.1108696013689041,EXACT_PLAYER_MATCH,02y6o,0.0,0.0,76.0,0.0,0.0,0.0,0.0,0.0,1.0,0.0,0.0,0.0,EXACT_SINGLE_CLUB_MATCH_IN_PERIOD
understat:29153,FTX-04FK6,manchester_city,aston_villa,136741,6.8,4222,DM,,True,0,0,0,0,0,4,1,1,2,0,0,1,1,0,26,24,observed_or_derived,False,29153,2026-05-24,38,FTX-04FK6,04fk6,3635.0,0.1234636679291725,0.0,62.0,0.1234636679291725,EXACT_PLAYER_MATCH,04fk6,6.5,6.5,58.0,0.0,3.0,1.0,1.0,0.0,0.0,1.0,0.0,6.5,EXACT_SINGLE_CLUB_MATCH_IN_PERIOD
understat:29153,FTX-06RM7,manchester_city,aston_villa,422939,6.86,4222,DM,,True,1,0,0,3,3,3,2,2,7,0,1,1,1,0,73,68,observed_or_derived,False,29153,2026-05-24,38,FTX-06RM7,06rm7,9802.0,0.0764187425374984,0.0274018459022045,90.0,0.1038205884397029,EXACT_PLAYER_MATCH,06rm7,,7.0,,,,,,,,,,7.0,EXACT_SINGLE_CLUB_MATCH_IN_PERIOD
understat:29153,FTX-06MVZ,manchester_city,aston_villa,397821,6.21,4222,CAM,,True,2,6,1,0,0,0,0,0,2,1,2,3,1,0,33,27,observed_or_derived,False,29153,2026-05-24,38,FTX-06MVZ,06mvz,11735.0,0.1651953607797622,0.2384561598300933,90.0,0.40365152060985554,EXACT_PLAYER_MATCH,06mvz,,4.0,,,,,,,,,,4.0,EXACT_SINGLE_CLUB_MATCH_IN_PERIOD
understat:29153,FTX-068Y0,manchester_city,aston_villa,357073,6.92,4222,CAM,,True,1,5,0,0,0,0,1,0,1,0,1,1,1,1,24,22,observed_or_derived,False,29153,2026-05-24,38,FTX-068Y0,068y0,11363.0,0.4202263951301574,0.0,61.0,0.4202263951301574,EXACT_PLAYER_MATCH,068y0,13.5,13.5,57.0,1.0,0.0,1.0,0.0,0.0,0.0,1.0,0.0,13.5,EXACT_SINGLE_CLUB_MATCH_IN_PERIOD
understat:29153,FTX-06V06,manchester_city,aston_villa,343382,6.14,4222,ST,,True,0,3,1,0,0,0,0,0,0,1,5,4,1,0,34,27,observed_or_derived,False,29153,2026-05-24,38,FTX-06V06,06v06,11965.0,0.2697882950305938,0.0,80.0,0.2697882950305938,EXACT_PLAYER_MATCH,06v06,,9.0,,,,,,,,,,9.0,EXACT_SINGLE_CLUB_MATCH_IN_PERIOD
understat:29153,FTX-04ABB,manchester_city,aston_villa,331254,6.58,4222,ST,,True,3,3,1,0,0,0,0,0,2,0,4,0,0,0,52,42,observed_or_derived,False,29153,2026-05-24,38,FTX-04ABB,04abb,6055.0,0.0,0.2439974397420883,90.0,0.2439974397420883,EXACT_PLAYER_MATCH,04abb,6.5,6.5,90.0,3.0,0.0,0.0,0.0,1.0,0.0,0.0,1.0,6.5,EXACT_SINGLE_CLUB_MATCH_IN_PERIOD
understat:29153,FTX-05OS4,manchester_city,aston_villa,355401,6.23,4222,,,False,0,1,0,0,0,2,0,1,1,1,0,0,0,0,6,6,observed_or_derived,False,29153,2026-05-24,38,FTX-05OS4,05os4,6674.0,0.0,0.0,10.0,0.0,EXACT_PLAYER_MATCH,05os4,,1.0,,,,,,,,,,1.0,EXACT_SINGLE_CLUB_MATCH_IN_PERIOD
understat:29153,FTX-06FUP,manchester_city,aston_villa,388098,6.13,4222,,,False,0,2,1,0,0,0,0,0,0,0,1,2,1,0,7,3,observed_or_derived,False,29153,2026-05-24,38,FTX-06FUP,06fup,8981.0,0.0646881163120269,0.0,10.0,0.0646881163120269,EXACT_PLAYER_MATCH,06fup,0.5,0.5,13.0,0.0,0.0,0.0,0.0,1.0,0.0,0.0,0.0,0.5,EXACT_SINGLE_CLUB_MATCH_IN_PERIOD
understat:29153,FTX-06EX4,manchester_city,aston_villa,402664,6.15,4222,,,False,0,0,0,2,1,0,0,1,1,0,0,0,0,0,15,14,observed_or_derived,False,29153,2026-05-24,38,FTX-06EX4,06ex4,9790.0,0.0,0.0,9.0,0.0,EXACT_PLAYER_MATCH,06ex4,1.5,1.5,12.0,0.0,0.0,0.0,1.0,0.0,1.0,0.0,0.0,1.5,EXACT_SINGLE_CLUB_MATCH_IN_PERIOD
understat:29153,FTX-04U41,manchester_city,aston_villa,93894,6.16,4222,,,False,1,0,0,0,0,0,1,1,2,0,0,1,1,0,18,15,observed_or_derived,False,29153,2026-05-24,38,FTX-04U41,04u41,2254.0,0.059998907148838,0.0514939241111278,28.0,0.1114928312599658,EXACT_PLAYER_MATCH,04u41,,3.5,,,,,,,,,,3.5,EXACT_SINGLE_CLUB_MATCH_IN_PERIOD
understat:29153,FTX-06V07,manchester_city,aston_villa,386153,6.13,4222,,,False,0,2,1,0,0,0,0,0,0,0,0,1,0,0,21,17,observed_or_derived,False,29153,2026-05-24,38,FTX-06V07,06v07,8094.0,0.0274018459022045,0.0,29.0,0.0274018459022045,EXACT_PLAYER_MATCH,06v07,1.0,1.0,32.0,0.0,0.0,0.0,0.0,1.0,0.0,0.0,0.0,1.0,EXACT_SINGLE_CLUB_MATCH_IN_PERIOD
understat:29153,FTX-06RF9,manchester_city,aston_villa,394749,,4222,,,False,0,0,0,0,0,0,0,0,0,0,0,0,0,0,0,0,observed_or_derived,False,29153,2026-05-24,38,FTX-06RF9,06rf9,8393.0,,,,,UNRESOLVED,06rf9,,0.0,,,,,,,,,,0.0,EXACT_SINGLE_CLUB_MATCH_IN_PERIOD
understat:29153,FTX-063ZI,manchester_city,aston_villa,394933,,4222,,,False,0,0,0,0,0,0,0,0,0,0,0,0,0,0,0,0,observed_or_derived,False,29153,2026-05-24,38,FTX-063ZI,063zi,11000.0,,,,,UNRESOLVED,063zi,,0.0,,,,,,,,,,0.0,EXACT_SINGLE_CLUB_MATCH_IN_PERIOD
understat:29153,FTX-02LS8,manchester_city,aston_villa,135768,,4222,,,False,0,0,0,0,0,0,0,0,0,0,0,0,0,0,0,0,observed_or_derived,False,29153,2026-05-24,38,FTX-02LS8,02ls8,,,,,,UNRESOLVED,02ls8,,0.0,,,,,,,,,,0.0,EXACT_SINGLE_CLUB_MATCH_IN_PERIOD
understat:29153,FTX-067X6,manchester_city,aston_villa,468845,,4222,,,False,0,0,0,0,0,0,0,0,0,0,0,0,0,0,0,0,observed_or_derived,False,29153,2026-05-24,38,FTX-067X6,067x6,13298.0,,,,,UNRESOLVED,067x6,,0.0,,,,,,,,,,0.0,EXACT_SINGLE_CLUB_MATCH_IN_PERIOD
understat:29153,FTX-06YMT,aston_villa,manchester_city,83824,6.39,4231,GK,,True,0,0,0,0,0,0,0,2,0,0,0,0,0,0,45,32,observed_or_derived,False,29153,2026-05-24,38,FTX-06YMT,06ymt,9614.0,0.0,0.0,90.0,0.0,EXACT_PLAYER_MATCH,06ymt,,5.5,,,,,,,,,,5.5,EXACT_SINGLE_CLUB_MATCH_IN_PERIOD
understat:29153,FTX-06R9V,aston_villa,manchester_city,469329,6.18,4231,RB,,True,0,0,0,0,0,4,0,4,2,0,0,0,0,0,13,13,observed_or_derived,False,29153,2026-05-24,38,FTX-06R9V,06r9v,13392.0,0.0,0.0,49.0,0.0,EXACT_PLAYER_MATCH,06r9v,,6.0,,,,,,,,,,6.0,EXACT_SINGLE_CLUB_MATCH_IN_PERIOD
understat:29153,FTX-04FK8,aston_villa,manchester_city,100008,6.36,4231,CB,,True,0,0,0,0,0,1,1,3,3,0,0,0,0,0,55,53,observed_or_derived,False,29153,2026-05-24,38,FTX-04FK8,04fk8,6080.0,0.0,0.0,76.0,0.0,EXACT_PLAYER_MATCH,04fk8,,2.5,,,,,,,,,,2.5,EXACT_SINGLE_CLUB_MATCH_IN_PERIOD
understat:29153,FTX-03REC,aston_villa,manchester_city,123167,6.7,4231,CB,,True,0,0,0,0,0,1,1,8,1,0,0,0,0,0,76,73,observed_or_derived,False,29153,2026-05-24,38,FTX-03REC,03rec,1024.0,0.0,0.0,90.0,0.0,EXACT_PLAYER_MATCH,03rec,,6.0,,,,,,,,,,6.0,EXACT_SINGLE_CLUB_MATCH_IN_PERIOD
understat:29153,FTX-052CB,aston_villa,manchester_city,384134,7.37,4231,LB,,True,2,2,1,0,0,4,2,8,3,0,1,1,1,0,40,37,observed_or_derived,False,29153,2026-05-24,38,FTX-052CB,052cb,11807.0,0.0288240537047386,0.4790150225162506,90.0,0.5078390762209892,EXACT_PLAYER_MATCH,052cb,,14.0,,,,,,,,,,14.0,EXACT_SINGLE_CLUB_MATCH_IN_PERIOD
understat:29153,FTX-04SPP,aston_villa,manchester_city,337883,6.77,4231,DM,,True,0,0,0,2,0,1,1,2,3,1,0,0,0,0,46,44,observed_or_derived,False,29153,2026-05-24,38,FTX-04SPP,04spp,6122.0,0.0,0.0,76.0,0.0,EXACT_PLAYER_MATCH,04spp,,5.0,,,,,,,,,,5.0,EXACT_SINGLE_CLUB_MATCH_IN_PERIOD
understat:29153,FTX-05R4H,aston_villa,manchester_city,408946,6.3,4231,DM,,True,0,0,0,0,0,0,1,2,4,0,0,0,0,0,22,20,observed_or_derived,False,29153,2026-05-24,38,FTX-05R4H,05r4h,10025.0,0.0,0.0,76.0,0.0,EXACT_PLAYER_MATCH,05r4h,,1.5,,,,,,,,,,1.5,EXACT_SINGLE_CLUB_MATCH_IN_PERIOD
understat:29153,FTX-05UNS,aston_villa,manchester_city,327682,6.65,4231,RW,,True,0,3,0,2,0,2,2,2,4,1,2,2,0,0,20,14,observed_or_derived,False,29153,2026-05-24,38,FTX-05UNS,05uns,5221.0,0.385387510061264,0.0,90.0,0.385387510061264,EXACT_PLAYER_MATCH,05uns,,10.0,,,,,,,,,,10.0,EXACT_SINGLE_CLUB_MATCH_IN_PERIOD
understat:29153,FTX-02LPF,aston_villa,manchester_city,92547,6.83,4231,CAM,,True,1,2,0,2,0,2,0,0,1,1,0,0,0,0,26,23,observed_or_derived,False,29153,2026-05-24,38,FTX-02LPF,02lpf,592.0,0.0,0.6191329956054688,89.0,0.6191329956054688,EXACT_PLAYER_MATCH,02lpf,,9.0,,,,,,,,,,9.0,EXACT_SINGLE_CLUB_MATCH_IN_PERIOD
understat:29153,FTX-051KL,aston_villa,manchester_city,260592,7.84,4231,LW,,True,3,0,0,1,0,8,3,0,4,1,1,2,1,0,33,29,observed_or_derived,False,29153,2026-05-24,38,FTX-051KL,051kl,2203.0,0.109266810119152,0.3628006279468536,90.0,0.4720674380660056,EXACT_PLAYER_MATCH,051kl,15.5,15.5,90.0,3.0,5.0,3.0,0.0,0.0,0.0,1.0,0.0,15.5,EXACT_SINGLE_CLUB_MATCH_IN_PERIOD
understat:29153,FTX-05OCL,aston_villa,manchester_city,148503,8.9,4231,ST,,True,0,3,2,3,3,1,0,0,0,1,0,4,3,2,15,14,observed_or_derived,False,29153,2026-05-24,38,FTX-05OCL,05ocl,8865.0,1.4304877519607544,0.0,90.0,1.4304877519607544,EXACT_PLAYER_MATCH,05ocl,27.5,27.5,90.0,0.0,1.0,0.0,0.0,2.0,3.0,2.0,0.0,27.5,EXACT_SINGLE_CLUB_MATCH_IN_PERIOD
understat:29153,FTX-04YO7,aston_villa,manchester_city,136345,6.86,4231,,,False,2,0,0,0,0,2,0,1,1,0,2,1,1,0,19,19,observed_or_derived,False,29153,2026-05-24,38,FTX-04YO7,04yo7,5956.0,0.0082389768213033,0.1925568133592605,14.0,0.20079579018056382,EXACT_PLAYER_MATCH,04yo7,10.5,10.5,17.0,2.0,2.0,0.0,1.0,0.0,0.0,1.0,2.0,10.5,EXACT_SINGLE_CLUB_MATCH_IN_PERIOD
understat:29153,FTX-063HU,aston_villa,manchester_city,400815,6.2,4231,,,False,0,0,0,0,0,1,0,1,0,0,0,0,0,0,8,8,observed_or_derived,False,29153,2026-05-24,38,FTX-063HU,063hu,9667.0,0.0,0.0,14.0,0.0,EXACT_PLAYER_MATCH,063hu,,1.5,,,,,,,,,,1.5,EXACT_SINGLE_CLUB_MATCH_IN_PERIOD
understat:29153,FTX-05O4B,aston_villa,manchester_city,322043,6.3,4231,,,False,1,0,0,0,0,0,0,0,2,0,2,0,0,0,21,13,observed_or_derived,False,29153,2026-05-24,38,FTX-05O4B,05o4b,8864.0,0.0,0.0596499070525169,41.0,0.0596499070525169,EXACT_PLAYER_MATCH,05o4b,3.0,3.0,45.0,1.0,0.0,0.0,0.0,0.0,0.0,0.0,0.0,3.0,EXACT_SINGLE_CLUB_MATCH_IN_PERIOD
understat:29153,FTX-06CRM,aston_villa,manchester_city,344259,6.01,4231,,,False,0,0,0,0,0,0,0,3,0,0,0,1,0,0,15,15,observed_or_derived,False,29153,2026-05-24,38,FTX-06CRM,06crm,6221.0,0.4090996980667114,0.0,14.0,0.4090996980667114,EXACT_PLAYER_MATCH,06crm,,1.5,,,,,,,,,,1.5,EXACT_SINGLE_CLUB_MATCH_IN_PERIOD
understat:29153,FTX-051K0,aston_villa,manchester_city,318449,6.29,4231,,,False,0,0,0,0,0,1,0,0,1,0,0,1,1,0,6,5,observed_or_derived,False,29153,2026-05-24,38,FTX-051K0,051k0,7723.0,0.0699153169989585,0.0,1.0,0.0699153169989585,EXACT_PLAYER_MATCH,051k0,3.0,3.0,4.0,0.0,1.0,0.0,0.0,0.0,0.0,1.0,0.0,3.0,EXACT_SINGLE_CLUB_MATCH_IN_PERIOD
understat:29153,FTX-04TM0,aston_villa,manchester_city,89925,,4231,,,False,0,0,0,0,0,0,0,0,0,0,0,0,0,0,0,0,observed_or_derived,False,29153,2026-05-24,38,FTX-04TM0,04tm0,1823.0,,,,,UNRESOLVED,04tm0,0.0,0.0,0.0,0.0,0.0,0.0,0.0,0.0,0.0,0.0,0.0,0.0,EXACT_SINGLE_CLUB_MATCH_IN_PERIOD
understat:29153,FTX-06AVM,aston_villa,manchester_city,478019,,4231,,,False,0,0,0,0,0,0,0,0,0,0,0,0,0,0,0,0,observed_or_derived,False,29153,2026-05-24,38,FTX-06AVM,06avm,,,,,,UNRESOLVED,06avm,,0.0,,,,,,,,,,0.0,EXACT_SINGLE_CLUB_MATCH_IN_PERIOD
understat:29153,FTX-06R7L,aston_villa,manchester_city,550064,,4231,,,False,0,0,0,0,0,0,0,0,0,0,0,0,0,0,0,0,observed_or_derived,False,29153,2026-05-24,38,FTX-06R7L,06r7l,13870.0,,,,,UNRESOLVED,06r7l,,0.0,,,,,,,,,,0.0,EXACT_SINGLE_CLUB_MATCH_IN_PERIOD
understat:29153,FTX-06ZVN,aston_villa,manchester_city,576066,,4231,,,False,0,0,0,0,0,0,0,0,0,0,0,0,0,0,0,0,observed_or_derived,False,29153,2026-05-24,38,FTX-06ZVN,06zvn,14193.0,,,,,UNRESOLVED,06zvn,,0.0,,,,,,,,,,0.0,EXACT_SINGLE_CLUB_MATCH_IN_PERIOD
understat:29157,FTX-06MGA,west_ham,leeds_united,409426,7.36,4231,GK,,True,0,0,0,0,0,0,0,0,2,0,0,0,0,0,31,12,observed_or_derived,False,29157,2026-05-24,38,FTX-06MGA,06mga,12910.0,0.0,0.0,90.0,0.0,EXACT_PLAYER_MATCH,06mga,15.0,15.0,90.0,0.0,0.0,0.0,0.0,0.0,0.0,0.0,,15.0,EXACT_SINGLE_CLUB_MATCH_IN_PERIOD
understat:29157,FTX-03ZSQ,west_ham,leeds_united,313672,6.49,4231,RB,,True,0,0,0,0,0,0,0,2,4,0,2,0,0,0,26,20,observed_or_derived,False,29157,2026-05-24,38,FTX-03ZSQ,03zsq,885.0,0.0,0.0,90.0,0.0,EXACT_PLAYER_MATCH,03zsq,,6.0,,,,,,,,,,6.0,EXACT_SINGLE_CLUB_MATCH_IN_PERIOD
understat:29157,FTX-06EW2,west_ham,leeds_united,300426,6.61,4231,CB,,True,0,0,0,1,0,0,2,0,3,1,0,0,0,0,30,25,observed_or_derived,False,29157,2026-05-24,38,FTX-06EW2,06ew2,6885.0,0.0,0.0,90.0,0.0,EXACT_PLAYER_MATCH,06ew2,7.5,7.5,90.0,0.0,0.0,2.0,0.0,0.0,0.0,0.0,0.0,7.5,EXACT_SINGLE_CLUB_MATCH_IN_PERIOD
understat:29157,FTX-04ML6,west_ham,leeds_united,351127,7.47,4231,CB,,True,0,0,0,4,4,1,1,9,5,0,1,0,0,0,39,29,observed_or_derived,False,29157,2026-05-24,38,FTX-04ML6,04ml6,6722.0,0.0,0.0,90.0,0.0,EXACT_PLAYER_MATCH,04ml6,17.5,17.5,90.0,0.0,1.0,1.0,9.0,0.0,4.0,0.0,0.0,17.5,EXACT_SINGLE_CLUB_MATCH_IN_PERIOD
understat:29157,FTX-06YMU,west_ham,leeds_united,479288,7.4,4231,LB,,True,1,1,1,2,1,1,2,4,7,0,7,0,0,0,62,45,observed_or_derived,False,29157,2026-05-24,38,FTX-06YMU,06ymu,13723.0,0.0,0.0089763337746262,90.0,0.0089763337746262,EXACT_PLAYER_MATCH,06ymu,15.5,15.5,90.0,1.0,0.0,2.0,4.0,1.0,1.0,0.0,1.0,15.5,EXACT_SINGLE_CLUB_MATCH_IN_PERIOD
understat:29157,FTX-05GCP,west_ham,leeds_united,143595,7.33,4231,DM,,True,0,0,0,6,2,0,0,3,3,0,0,3,2,0,40,35,observed_or_derived,False,29157,2026-05-24,38,FTX-05GCP,05gcp,8288.0,0.3078510761260986,0.0,90.0,0.3078510761260986,EXACT_PLAYER_MATCH,05gcp,9.5,9.5,90.0,0.0,0.0,0.0,3.0,0.0,2.0,2.0,0.0,9.5,EXACT_SINGLE_CLUB_MATCH_IN_PERIOD
understat:29157,FTX-06PE1,west_ham,leeds_united,447231,8.19,4231,DM,,True,2,2,0,3,1,5,1,1,5,0,2,1,1,0,46,37,observed_or_derived,False,29157,2026-05-24,38,FTX-06PE1,06pe1,12948.0,0.0089763337746262,0.1969554126262664,90.0,0.2059317464008926,EXACT_PLAYER_MATCH,06pe1,19.5,19.5,90.0,2.0,5.0,1.0,1.0,0.0,1.0,1.0,0.0,19.5,EXACT_SINGLE_CLUB_MATCH_IN_PERIOD
understat:29157,FTX-046C5,west_ham,leeds_united,322596,8.37,4231,RW,,True,2,5,1,3,1,1,0,1,4,1,5,2,2,1,18,10,observed_or_derived,False,29157,2026-05-24,38,FTX-046C5,046c5,1776.0,0.2134908884763717,0.8620917797088623,90.0,1.075582668185234,EXACT_PLAYER_MATCH,046c5,23.0,23.0,90.0,2.0,0.0,0.0,1.0,1.0,1.0,1.0,1.0,23.0,EXACT_SINGLE_CLUB_MATCH_IN_PERIOD
understat:29157,FTX-072J8,west_ham,leeds_united,409654,6.7,4231,CAM,,True,2,3,2,1,0,0,0,0,1,0,2,2,1,0,14,9,observed_or_derived,False,29157,2026-05-24,38,FTX-072J8,072j8,14290.0,0.461442083120346,0.079025499522686,48.0,0.5404675826430321,EXACT_PLAYER_MATCH,072j8,,9.0,,,,,,,,,,9.0,EXACT_SINGLE_CLUB_MATCH_IN_PERIOD
understat:29157,FTX-05RL4,west_ham,leeds_united,382564,7.64,4231,LW,,True,2,5,3,1,0,4,0,0,3,0,4,1,1,0,35,26,observed_or_derived,False,29157,2026-05-24,38,FTX-05RL4,05rl4,9492.0,0.0782392844557762,0.0907275825738906,90.0,0.1689668670296668,EXACT_PLAYER_MATCH,05rl4,16.0,16.0,90.0,2.0,2.0,0.0,0.0,3.0,0.0,0.0,1.0,16.0,EXACT_SINGLE_CLUB_MATCH_IN_PERIOD
understat:29157,FTX-072JF,west_ham,leeds_united,361406,7.45,4231,ST,,True,0,1,0,3,1,0,1,1,2,0,3,4,2,1,14,7,observed_or_derived,False,29157,2026-05-24,38,FTX-072JF,072jf,10948.0,1.074052333831787,0.0,90.0,1.074052333831787,EXACT_PLAYER_MATCH,072jf,,15.0,,,,,,,,,,15.0,EXACT_SINGLE_CLUB_MATCH_IN_PERIOD
understat:29157,FTX-06PEZ,west_ham,leeds_united,511560,6.16,4231,,,False,0,0,0,0,0,0,0,1,0,1,0,0,0,0,2,2,observed_or_derived,False,29157,2026-05-24,38,FTX-06PEZ,06pez,14219.0,0.0,0.0,1.0,0.0,EXACT_PLAYER_MATCH,06pez,,0.5,,,,,,,,,,0.5,EXACT_SINGLE_CLUB_MATCH_IN_PERIOD
understat:29157,FTX-03R8X,west_ham,leeds_united,134115,7.52,4231,,,False,1,2,1,0,0,0,0,1,1,2,0,3,3,1,4,3,observed_or_derived,False,29157,2026-05-24,38,FTX-03R8X,03r8x,468.0,0.5928813815116882,0.5097451210021973,42.0,1.1026265025138855,EXACT_PLAYER_MATCH,03r8x,,14.5,,,,,,,,,,14.5,EXACT_SINGLE_CLUB_MATCH_IN_PERIOD
understat:29157,FTX-04ADP,west_ham,leeds_united,331924,,4231,,,False,0,0,0,0,0,0,0,0,0,0,0,0,0,0,0,0,observed_or_derived,False,29157,2026-05-24,38,FTX-04ADP,04adp,5584.0,,,,,UNRESOLVED,04adp,0.0,0.0,0.0,0.0,0.0,0.0,0.0,0.0,0.0,0.0,0.0,0.0,EXACT_SINGLE_CLUB_MATCH_IN_PERIOD
understat:29157,FTX-070G9,west_ham,leeds_united,443815,,4231,,,False,0,0,0,0,0,0,0,0,0,0,0,0,0,0,0,0,observed_or_derived,False,29157,2026-05-24,38,FTX-070G9,070g9,10770.0,,,,,UNRESOLVED,070g9,,0.0,,,,,,,,,,0.0,EXACT_SINGLE_CLUB_MATCH_IN_PERIOD
understat:29157,FTX-05OEF,west_ham,leeds_united,92516,,4231,,,False,0,0,0,0,0,0,0,0,0,0,0,0,0,0,0,0,observed_or_derived,False,29157,2026-05-24,38,FTX-05OEF,05oef,2310.0,,,,,UNRESOLVED,05oef,,0.0,,,,,,,,,,0.0,EXACT_SINGLE_CLUB_MATCH_IN_PERIOD
understat:29157,FTX-05Y5B,west_ham,leeds_united,429534,,4231,,,False,0,0,0,0,0,0,0,0,0,0,0,0,0,0,0,0,observed_or_derived,False,29157,2026-05-24,38,FTX-05Y5B,05y5b,13724.0,,,,,UNRESOLVED,05y5b,,0.0,,,,,,,,,,0.0,EXACT_SINGLE_CLUB_MATCH_IN_PERIOD
understat:29157,FTX-06635,west_ham,leeds_united,459708,,4231,,,False,0,0,0,0,0,0,0,0,0,0,0,0,0,0,0,0,observed_or_derived,False,29157,2026-05-24,38,FTX-06635,06635,12358.0,,,,,UNRESOLVED,06635,,0.0,,,,,,,,,,0.0,EXACT_SINGLE_CLUB_MATCH_IN_PERIOD
understat:29157,FTX-04YEY,west_ham,leeds_united,368310,,4231,,,False,0,0,0,0,0,0,0,0,0,0,0,0,0,0,0,0,observed_or_derived,False,29157,2026-05-24,38,FTX-04YEY,04yey,7332.0,,,,,UNRESOLVED,04yey,,0.0,,,,,,,,,,0.0,EXACT_SINGLE_CLUB_MATCH_IN_PERIOD
understat:29157,FTX-03PIF,leeds_united,west_ham,70483,6.77,352,GK,,True,0,0,0,0,0,0,0,0,1,0,0,0,0,0,44,28,observed_or_derived,False,29157,2026-05-24,38,FTX-03PIF,03pif,780.0,0.0,0.0,90.0,0.0,EXACT_PLAYER_MATCH,03pif,,6.0,,,,,,,,,,6.0,EXACT_SINGLE_CLUB_MATCH_IN_PERIOD
understat:29157,FTX-05MZZ,leeds_united,west_ham,355609,6.05,352,CB,,True,0,0,0,5,2,2,2,2,2,0,0,0,0,0,65,61,observed_or_derived,False,29157,2026-05-24,38,FTX-05MZZ,05mzz,8717.0,0.0,0.0,90.0,0.0,EXACT_PLAYER_MATCH,05mzz,1.0,1.0,90.0,0.0,0.0,2.0,2.0,0.0,2.0,0.0,0.0,1.0,EXACT_SINGLE_CLUB_MATCH_IN_PERIOD
understat:29157,FTX-06V51,leeds_united,west_ham,360941,6.49,352,CB,,True,0,1,0,4,3,1,0,7,2,0,0,0,0,0,37,34,observed_or_derived,False,29157,2026-05-24,38,FTX-06V51,06v51,6807.0,0.0,0.0,72.0,0.0,EXACT_PLAYER_MATCH,06v51,5.5,5.5,69.0,0.0,0.0,0.0,7.0,0.0,3.0,0.0,0.0,5.5,EXACT_SINGLE_CLUB_MATCH_IN_PERIOD
understat:29157,FTX-03YQZ,leeds_united,west_ham,302312,6.03,352,CB,,True,1,0,0,1,0,2,1,5,5,1,0,0,0,0,37,32,observed_or_derived,False,29157,2026-05-24,38,FTX-03YQZ,03yqz,6377.0,0.0,0.03076764754951,90.0,0.03076764754951,EXACT_PLAYER_MATCH,03yqz,2.0,2.0,90.0,1.0,1.0,1.0,5.0,0.0,0.0,0.0,0.0,2.0,EXACT_SINGLE_CLUB_MATCH_IN_PERIOD
understat:29157,FTX-05O8O,leeds_united,west_ham,354291,6.68,352,RWB,,True,1,2,2,0,0,4,1,3,2,0,3,1,0,0,28,19,observed_or_derived,False,29157,2026-05-24,38,FTX-05O8O,05o8o,9205.0,0.023090636357665,0.0407116785645484,80.0,0.0638023149222134,EXACT_PLAYER_MATCH,05o8o,,10.5,,,,,,,,,,10.5,EXACT_SINGLE_CLUB_MATCH_IN_PERIOD
understat:29157,FTX-0521Z,leeds_united,west_ham,301441,6.72,352,LWB,,True,1,1,1,1,1,3,0,6,4,1,5,1,0,0,56,41,observed_or_derived,False,29157,2026-05-24,38,FTX-0521Z,0521z,7753.0,0.0407116785645484,0.6541903614997864,90.0,0.6949020400643348,EXACT_PLAYER_MATCH,0521z,6.5,6.5,90.0,1.0,3.0,0.0,5.0,1.0,2.0,0.0,0.0,6.5,EXACT_SINGLE_CLUB_MATCH_IN_PERIOD
understat:29157,FTX-06UZY,leeds_united,west_ham,423347,6.36,352,CM,,True,0,0,0,0,0,3,2,1,7,1,6,0,0,0,58,47,observed_or_derived,False,29157,2026-05-24,38,FTX-06UZY,06uzy,13834.0,0.0,0.0,80.0,0.0,EXACT_PLAYER_MATCH,06uzy,,2.5,,,,,,,,,,2.5,EXACT_SINGLE_CLUB_MATCH_IN_PERIOD
understat:29157,FTX-061VP,leeds_united,west_ham,371012,6.35,352,CM,,True,1,4,1,1,1,1,0,3,4,2,2,4,3,0,26,23,observed_or_derived,False,29157,2026-05-24,38,FTX-061VP,061vp,10751.0,0.2688437104225158,0.1240112110972404,90.0,0.3928549215197562,EXACT_PLAYER_MATCH,061vp,4.0,4.0,88.0,1.0,1.0,0.0,1.0,1.0,1.0,1.0,0.0,4.0,EXACT_SINGLE_CLUB_MATCH_IN_PERIOD
understat:29157,FTX-04LAV,leeds_united,west_ham,322418,6.04,352,CM,,True,1,0,0,3,3,2,0,3,7,1,1,0,0,0,68,60,observed_or_derived,False,29157,2026-05-24,38,FTX-04LAV,04lav,6369.0,0.0,0.0383312851190567,90.0,0.0383312851190567,EXACT_PLAYER_MATCH,04lav,2.5,2.5,90.0,1.0,0.0,0.0,3.0,0.0,3.0,0.0,1.0,2.5,EXACT_SINGLE_CLUB_MATCH_IN_PERIOD
understat:29157,FTX-04LNU,leeds_united,west_ham,347340,6.44,352,ST,,True,2,3,3,1,1,1,0,1,4,0,2,1,0,0,24,17,observed_or_derived,False,29157,2026-05-24,38,FTX-04LNU,04lnu,6544.0,0.6541903614997864,0.6842040419578552,90.0,1.3383944034576416,EXACT_PLAYER_MATCH,04lnu,,6.5,,,,,,,,,,6.5,EXACT_SINGLE_CLUB_MATCH_IN_PERIOD
understat:29157,FTX-049TQ,leeds_united,west_ham,141469,6.24,352,ST,,True,2,0,0,5,1,0,1,0,2,0,0,2,2,0,15,13,observed_or_derived,False,29157,2026-05-24,38,FTX-049TQ,049tq,5555.0,0.7796666622161865,0.0451459735631942,71.0,0.8248126357793807,EXACT_PLAYER_MATCH,049tq,7.0,7.0,68.0,2.0,0.0,1.0,0.0,0.0,1.0,1.0,0.0,7.0,EXACT_SINGLE_CLUB_MATCH_IN_PERIOD
understat:29157,FTX-067YU,leeds_united,west_ham,432384,5.99,352,,,False,1,0,0,1,0,0,0,0,0,0,2,1,1,0,8,5,observed_or_derived,False,29157,2026-05-24,38,FTX-067YU,067yu,11362.0,0.03076764754951,0.1316642463207245,10.0,0.1624318938702345,EXACT_PLAYER_MATCH,067yu,,4.0,,,,,,,,,,4.0,EXACT_SINGLE_CLUB_MATCH_IN_PERIOD
understat:29157,FTX-06Y28,leeds_united,west_ham,364235,5.93,352,,,False,0,0,0,0,0,0,0,0,0,0,0,1,0,0,0,0,observed_or_derived,False,29157,2026-05-24,38,FTX-06Y28,06y28,7791.0,0.1316642463207245,0.0,1.0,0.1316642463207245,EXACT_PLAYER_MATCH,06y28,,0.0,,,,,,,,,,0.0,EXACT_SINGLE_CLUB_MATCH_IN_PERIOD
understat:29157,FTX-064A0,leeds_united,west_ham,439636,5.78,352,,,False,0,0,0,0,0,0,0,0,0,0,1,0,0,0,17,11,observed_or_derived,False,29157,2026-05-24,38,FTX-064A0,064a0,11155.0,0.0,0.0,19.0,0.0,EXACT_PLAYER_MATCH,064a0,,0.0,,,,,,,,,,0.0,EXACT_SINGLE_CLUB_MATCH_IN_PERIOD
understat:29157,FTX-06V02,leeds_united,west_ham,369542,6.09,352,,,False,0,0,0,1,1,1,0,0,0,0,0,2,1,0,4,2,observed_or_derived,False,29157,2026-05-24,38,FTX-06V02,06v02,13835.0,0.0561254881322383,0.0,10.0,0.0561254881322383,EXACT_PLAYER_MATCH,06v02,,2.5,,,,,,,,,,2.5,EXACT_SINGLE_CLUB_MATCH_IN_PERIOD
understat:29157,FTX-03YR0,leeds_united,west_ham,302313,6.13,352,,,False,0,1,1,1,1,1,0,0,0,1,1,0,0,0,6,3,observed_or_derived,False,29157,2026-05-24,38,FTX-03YR0,03yr0,5595.0,0.0,0.0,18.0,0.0,EXACT_PLAYER_MATCH,03yr0,,2.0,,,,,,,,,,2.0,EXACT_SINGLE_CLUB_MATCH_IN_PERIOD
understat:29157,FTX-04YM7,leeds_united,west_ham,307564,,352,,,False,0,0,0,0,0,0,0,0,0,0,0,0,0,0,0,0,observed_or_derived,False,29157,2026-05-24,38,FTX-04YM7,04ym7,12369.0,,,,,UNRESOLVED,04ym7,,0.0,,,,,,,,,,0.0,EXACT_SINGLE_CLUB_MATCH_IN_PERIOD
understat:29157,FTX-03YSD,leeds_united,west_ham,118303,,352,,,False,0,0,0,0,0,0,0,0,0,0,0,0,0,0,0,0,observed_or_derived,False,29157,2026-05-24,38,FTX-03YSD,03ysd,902.0,,,,,UNRESOLVED,03ysd,,0.0,,,,,,,,,,0.0,EXACT_SINGLE_CLUB_MATCH_IN_PERIOD
understat:29157,FTX-06YXD,leeds_united,west_ham,571098,,352,,,False,0,0,0,0,0,0,0,0,0,0,0,0,0,0,0,0,observed_or_derived,False,29157,2026-05-24,38,FTX-06YXD,06yxd,,,,,,UNRESOLVED,06yxd,,0.0,,,,,,,,,,0.0,EXACT_SINGLE_CLUB_MATCH_IN_PERIOD
understat:29157,FTX-075ZI,leeds_united,west_ham,622692,,352,,,False,0,0,0,0,0,0,0,0,0,0,0,0,0,0,0,0,observed_or_derived,False,29157,2026-05-24,38,FTX-075ZI,075zi,,,,,,UNRESOLVED,075zi,,0.0,,,,,,,,,,0.0,EXACT_SINGLE_CLUB_MATCH_IN_PERIOD
